age,bmi,children,charges,sex_female,sex_male,smoker_no,smoker_yes,region_northeast,region_northwest,region_southeast,region_southwest
19,27.9,0,9.734235654449447,1,0,0,1,0,0,0,1
18,33.77,1,7.4538818088705145,0,1,1,0,0,0,1,0
28,33.0,3,8.40076318999606,0,1,1,0,0,0,1,0
33,22.705,0,9.998137087344414,0,1,1,0,0,1,0,0
32,28.88,0,8.26045542050535,0,1,1,0,0,1,0,0
31,25.74,0,8.231541483046275,1,0,1,0,0,0,1,0
46,33.44,1,9.01694851691963,1,0,1,0,0,0,1,0
37,27.74,3,8.893230257799996,1,0,1,0,0,1,0,0
37,29.83,2,8.765210521348287,0,1,1,0,1,0,0,0
60,25.84,0,10.27243171306873,1,0,1,0,0,1,0,0
25,26.22,0,7.909240030785849,0,1,1,0,1,0,0,0
62,26.29,0,10.233141062245677,1,0,0,1,0,0,1,0
23,34.4,0,7.5108918621112215,0,1,1,0,0,0,0,1
56,39.82,0,9.313953964652194,1,0,1,0,0,0,1,0
27,42.13,0,10.586906509500261,0,1,0,1,0,0,1,0
19,24.6,1,7.516562239107901,0,1,1,0,0,0,0,1
52,30.78,1,9.287147345688979,1,0,1,0,1,0,0,0
23,23.845,0,7.781627555169786,0,1,1,0,1,0,0,0
56,40.3,0,9.268928568744755,0,1,1,0,0,0,0,1
30,35.3,0,10.514297877125575,0,1,0,1,0,0,0,1
60,36.005,0,9.490230688636947,1,0,1,0,1,0,0,0
30,32.4,1,8.331040946897788,1,0,1,0,0,0,0,1
18,34.1,0,7.037037280720403,0,1,1,0,0,0,1,0
34,31.92,1,10.537491678217126,1,0,0,1,1,0,0,0
37,28.025,2,8.733094863508514,0,1,1,0,0,1,0,0
59,27.72,3,9.546965011269233,1,0,1,0,0,0,1,0
63,23.085,0,9.57864587844731,1,0,1,0,1,0,0,0
55,32.775,2,9.41488256578066,1,0,1,0,0,1,0,0
23,17.385,1,7.928835537530931,0,1,1,0,0,1,0,0
31,36.3,2,10.563904908473155,0,1,0,1,0,0,0,1
22,35.6,0,10.479723767076404,0,1,0,1,0,0,0,1
18,26.315,0,7.695844321525725,1,0,1,0,1,0,0,0
19,28.6,5,8.45293132533946,1,0,1,0,0,0,0,1
63,28.31,0,9.530327319844258,0,1,1,0,0,1,0,0
28,36.4,1,10.84340807171898,0,1,0,1,0,0,0,1
19,20.425,0,7.394145013451511,0,1,1,0,0,1,0,0
62,32.965,3,9.655871563375683,1,0,1,0,0,1,0,0
26,20.8,0,7.7420981562088595,0,1,1,0,0,0,0,1
35,36.67,1,10.591000799756342,0,1,0,1,1,0,0,0
60,39.9,0,10.782582229053446,0,1,0,1,0,0,0,1
24,26.6,0,8.021933126661857,1,0,1,0,1,0,0,0
31,36.63,2,8.507296116544945,1,0,1,0,0,0,1,0
41,21.78,1,8.744086057258249,0,1,1,0,0,0,1,0
37,30.8,2,8.750644870952641,1,0,1,0,0,0,1,0
38,37.05,1,8.712870412940662,0,1,1,0,1,0,0,0
55,37.3,0,9.934563819835265,0,1,1,0,0,0,0,1
18,38.665,2,8.129869434389924,1,0,1,0,1,0,0,0
28,34.77,0,8.176932029876028,1,0,1,0,0,1,0,0
60,24.53,0,9.443901210449027,1,0,1,0,0,0,1,0
36,35.2,1,10.563857790190136,0,1,0,1,0,0,1,0
18,35.625,0,7.701711470298588,1,0,1,0,1,0,0,0
21,33.63,2,8.183349533054209,1,0,1,0,0,1,0,0
48,28.0,1,10.067699108732764,0,1,0,1,0,0,0,1
36,34.43,0,10.538570560062439,0,1,0,1,0,0,1,0
40,28.69,3,8.994753087534498,1,0,1,0,0,1,0,0
58,36.955,2,10.768432240210434,0,1,0,1,0,1,0,0
58,31.825,2,9.518440231739122,1,0,1,0,1,0,0,0
18,31.68,2,10.44302211848576,0,1,0,1,0,0,1,0
53,22.88,1,10.053879327954288,1,0,0,1,0,0,1,0
34,37.335,2,8.697934107989697,1,0,1,0,0,1,0,0
43,27.36,3,9.060356362840999,0,1,1,0,1,0,0,0
25,33.66,4,8.413090195859585,0,1,1,0,0,0,1,0
64,24.7,1,10.314524382069445,0,1,1,0,0,1,0,0
28,25.935,1,8.327155941066335,1,0,1,0,0,1,0,0
20,22.42,0,9.596469322374311,1,0,0,1,0,1,0,0
19,28.9,0,7.464059303363126,1,0,1,0,0,0,0,1
61,39.1,2,9.563534304217743,1,0,1,0,0,0,0,1
40,26.315,1,8.762548677078785,0,1,1,0,0,1,0,0
40,36.19,0,8.686278213866837,1,0,1,0,0,0,1,0
28,23.98,3,9.779292112539878,0,1,0,1,0,0,1,0
27,24.75,0,9.715878813193243,1,0,0,1,0,0,1,0
31,28.5,5,8.824745241837267,0,1,1,0,1,0,0,0
53,28.1,3,9.370989264043384,1,0,1,0,0,0,0,1
58,32.01,1,9.388287868166199,0,1,1,0,0,0,1,0
44,27.4,2,8.952586483374347,0,1,1,0,0,0,0,1
57,34.01,0,9.33764776438331,0,1,1,0,0,1,0,0
29,29.59,1,8.281069030337845,1,0,1,0,0,0,1,0
21,35.53,0,7.335288224637222,0,1,1,0,0,0,1,0
22,39.805,0,7.921543233701174,1,0,1,0,1,0,0,0
41,32.965,0,8.790577184262894,1,0,1,0,0,1,0,0
31,26.885,1,8.39890798844495,0,1,1,0,1,0,0,0
45,38.285,0,8.979201335539733,1,0,1,0,1,0,0,0
22,37.62,1,10.523154051077826,0,1,0,1,0,0,1,0
48,41.23,4,9.308796661220448,1,0,1,0,0,1,0,0
37,34.8,2,10.592564435663038,1,0,0,1,0,0,0,1
45,22.895,2,9.957007184169719,0,1,0,1,0,1,0,0
57,31.16,0,10.682352217951522,1,0,0,1,0,1,0,0
56,27.2,0,9.312371190339515,1,0,1,0,0,0,0,1
46,27.74,0,8.990649179407612,1,0,1,0,0,1,0,0
55,26.98,0,9.313219760181347,1,0,1,0,0,1,0,0
21,39.49,0,7.614792593426365,1,0,1,0,0,0,1,0
53,24.795,1,9.30046732842048,1,0,1,0,0,1,0,0
59,29.83,3,10.315131422718567,0,1,0,1,1,0,0,0
35,34.77,2,8.653471734664727,0,1,1,0,0,1,0,0
64,31.3,2,10.764097589969726,1,0,0,1,0,0,0,1
28,37.62,1,8.234268796579544,1,0,1,0,0,0,1,0
54,30.8,3,9.401482909275915,1,0,1,0,0,0,0,1
55,38.28,0,9.23281434960539,0,1,1,0,0,0,1,0
56,19.95,0,10.017425360326072,0,1,0,1,1,0,0,0
38,19.3,0,9.669137631256783,0,1,0,1,0,0,0,1
41,31.6,0,8.73022612223158,1,0,1,0,0,0,0,1
30,25.46,0,8.201410474959939,0,1,1,0,1,0,0,0
18,30.115,0,9.96861246577474,1,0,1,0,1,0,0,0
61,29.92,3,10.339908279763021,1,0,0,1,0,0,1,0
34,27.5,1,8.518163320688625,1,0,1,0,0,0,0,1
20,28.025,1,9.77345743756479,0,1,0,1,0,1,0,0
19,28.4,1,7.754704078454667,1,0,1,0,0,0,0,1
26,30.875,2,8.26315328811451,0,1,1,0,0,1,0,0
29,27.94,0,7.961411902384197,0,1,1,0,0,0,1,0
63,35.09,0,10.759104968533311,0,1,0,1,0,0,1,0
54,33.63,1,9.289729361407117,0,1,1,0,0,1,0,0
55,29.7,2,9.382810058069609,1,0,1,0,0,0,0,1
37,30.8,0,8.4441404469293,0,1,1,0,0,0,0,1
21,35.72,0,7.78561025034706,1,0,1,0,0,1,0,0
52,32.205,3,9.34917292173022,0,1,1,0,1,0,0,0
60,28.595,0,10.31761488699943,0,1,1,0,1,0,0,0
58,49.06,0,9.339817027754588,0,1,1,0,0,0,1,0
29,27.94,1,9.857903173342631,1,0,0,1,0,0,1,0
49,27.17,0,9.059788294405884,1,0,1,0,0,0,1,0
37,23.37,2,8.8079851182543,1,0,1,0,0,1,0,0
44,37.1,2,8.954329690684194,0,1,1,0,0,0,0,1
18,23.75,0,7.44227272202897,0,1,1,0,1,0,0,0
20,28.975,0,7.722445196433772,1,0,1,0,0,1,0,0
44,31.35,1,10.58551044955502,0,1,0,1,1,0,0,0
47,33.915,3,9.221874482641192,1,0,1,0,0,1,0,0
26,28.785,0,8.127522438202666,1,0,1,0,1,0,0,0
19,28.3,0,9.74578523978748,1,0,0,1,0,0,0,1
52,37.4,0,9.173213417379875,1,0,1,0,0,0,0,1
32,17.765,2,10.396205812015252,1,0,0,1,0,1,0,0
38,34.7,2,8.713319851095052,0,1,1,0,0,0,0,1
59,26.505,0,9.458484387026322,1,0,1,0,1,0,0,0
61,22.04,0,9.51910062550647,1,0,1,0,1,0,0,0
53,35.9,2,9.32050047118355,1,0,1,0,0,0,0,1
19,25.555,0,7.398519685420427,0,1,1,0,0,1,0,0
20,28.785,0,7.807189189609826,1,0,1,0,1,0,0,0
22,28.05,0,7.6763259767011744,1,0,1,0,0,0,1,0
19,34.1,0,7.140803219500154,0,1,1,0,0,0,0,1
22,25.175,0,7.6239768122364175,0,1,1,0,0,1,0,0
54,31.9,3,10.21551097564913,1,0,1,0,0,0,1,0
22,36.0,0,7.681436738682258,1,0,1,0,0,0,0,1
34,22.42,2,10.217455045702723,0,1,1,0,1,0,0,0
26,32.49,1,8.15810078491097,0,1,1,0,1,0,0,0
34,25.3,2,9.850798284230228,0,1,0,1,0,0,1,0
29,29.735,2,9.806914755966627,0,1,1,0,0,1,0,0
30,28.69,3,9.940156411515838,0,1,0,1,0,1,0,0
29,38.83,3,8.544663737097105,1,0,1,0,0,0,1,0
46,30.495,3,10.614512741117835,0,1,0,1,0,1,0,0
51,37.73,1,9.198126859758977,1,0,1,0,0,0,1,0
53,37.43,1,9.302070943529756,1,0,1,0,0,1,0,0
19,28.4,1,7.5194315241033225,0,1,1,0,0,0,0,1
35,24.13,1,8.54212298563292,0,1,1,0,0,1,0,0
48,29.7,0,8.960677650305163,0,1,1,0,0,0,1,0
32,37.145,3,8.753899321750488,1,0,1,0,1,0,0,0
42,23.37,0,9.901773399214418,1,0,0,1,1,0,0,0
40,25.46,1,8.864773419518855,1,0,1,0,1,0,0,0
44,39.52,0,8.846453887272432,0,1,1,0,0,1,0,0
48,24.42,0,9.962919736622375,0,1,0,1,0,0,1,0
18,25.175,0,9.64983197339894,0,1,0,1,1,0,0,0
30,35.53,0,10.517354936623432,0,1,0,1,0,0,1,0
50,27.83,3,9.890928181786434,1,0,1,0,0,0,1,0
42,26.6,0,9.968793248070153,1,0,0,1,0,1,0,0
18,36.85,0,10.495445602324578,1,0,0,1,0,0,1,0
54,39.6,1,9.25450576311185,0,1,1,0,0,0,0,1
32,29.8,2,8.547360352259476,1,0,1,0,0,0,0,1
37,29.64,0,8.523005586671722,0,1,1,0,0,1,0,0
47,28.215,4,9.250338268621043,0,1,1,0,1,0,0,0
20,37.0,5,8.482939163835118,1,0,1,0,0,0,0,1
32,33.155,3,8.720916985969989,1,0,1,0,0,1,0,0
19,31.825,1,7.908490003266126,1,0,1,0,0,1,0,0
27,18.905,3,8.48237500251561,0,1,1,0,1,0,0,0
63,41.47,0,9.503486760323732,0,1,1,0,0,0,1,0
49,30.3,0,9.001799678045908,0,1,1,0,0,0,0,1
18,15.96,0,7.435907761975799,0,1,1,0,1,0,0,0
35,34.8,1,8.565420721146117,1,0,1,0,0,0,0,1
24,33.345,0,7.957330515506487,1,0,1,0,0,1,0,0
63,37.7,0,10.796006972292268,1,0,0,1,0,0,0,1
38,27.835,2,8.772898820911918,0,1,1,0,0,1,0,0
54,29.2,1,9.253121661823165,0,1,1,0,0,0,0,1
46,28.9,2,9.08526217874718,1,0,1,0,0,0,0,1
41,33.155,3,9.052432963639207,1,0,1,0,1,0,0,0
58,28.595,0,9.37049121902871,0,1,1,0,0,1,0,0
18,38.28,0,7.3980645952428015,1,0,1,0,0,0,1,0
22,19.95,3,8.295653977464331,0,1,1,0,1,0,0,0
44,26.41,0,8.91199874109547,1,0,1,0,0,1,0,0
44,30.69,2,8.953178076774725,0,1,1,0,0,0,1,0
36,41.895,3,10.68634601944388,0,1,0,1,1,0,0,0
26,29.92,2,8.289784758409471,1,0,1,0,0,0,1,0
30,30.9,3,8.58047798947136,1,0,1,0,0,0,0,1
41,32.2,1,8.821284050360811,1,0,1,0,0,0,0,1
29,32.11,2,8.501859407548412,1,0,1,0,0,1,0,0
61,31.57,0,9.43816139086283,0,1,1,0,0,0,1,0
36,26.2,0,8.493897133189696,1,0,1,0,0,0,0,1
25,25.74,0,7.6679317511338905,0,1,1,0,0,0,1,0
56,26.6,1,9.396433308170167,1,0,1,0,0,1,0,0
18,34.43,0,7.037440271183892,0,1,1,0,0,0,1,0
19,30.59,0,7.402794815544403,0,1,1,0,0,1,0,0
39,32.8,0,8.639537364806445,1,0,1,0,0,0,0,1
45,28.6,2,9.049916775146642,1,0,1,0,0,0,1,0
51,18.05,0,9.174221104364705,1,0,1,0,0,1,0,0
64,39.33,0,9.6092853837108,1,0,1,0,1,0,0,0
19,32.11,0,7.664663756844444,1,0,1,0,0,1,0,0
48,32.23,1,9.090672627621622,1,0,1,0,0,0,1,0
60,24.035,0,9.473720170614248,1,0,1,0,0,1,0,0
27,36.08,0,10.522312458750507,1,0,0,1,0,0,1,0
46,22.3,0,8.874602565595046,0,1,1,0,0,0,0,1
28,28.88,1,8.375338156049464,1,0,1,0,1,0,0,0
59,26.4,0,9.371123210339466,0,1,1,0,0,0,1,0
35,27.74,2,9.95156763608655,0,1,0,1,1,0,0,0
63,31.8,0,9.538344642070564,1,0,1,0,0,0,0,1
40,41.23,1,8.7965068007521,0,1,1,0,1,0,0,0
20,33.0,1,7.591392381763306,0,1,1,0,0,0,0,1
40,30.875,4,9.007454767078785,0,1,1,0,0,1,0,0
24,28.5,2,8.171515554811947,0,1,1,0,0,1,0,0
34,26.73,1,8.517949445384106,1,0,1,0,0,0,1,0
45,30.9,2,9.050292035108361,1,0,1,0,0,0,0,1
41,37.1,2,8.905549033871196,1,0,1,0,0,0,0,1
53,26.6,0,9.245383235441048,1,0,1,0,0,1,0,0
27,23.1,0,7.817921695462587,0,1,1,0,0,0,1,0
26,29.92,1,8.129757610178586,1,0,1,0,0,0,1,0
24,23.21,0,10.129936349104161,1,0,1,0,0,0,1,0
34,33.7,1,8.519883768565082,1,0,1,0,0,0,0,1
53,33.25,0,9.265385646375474,1,0,1,0,1,0,0,0
32,30.8,3,8.56684469880878,0,1,1,0,0,0,0,1
19,34.8,0,10.456815470328133,0,1,0,1,0,0,0,1
42,24.64,0,9.8790176721391,0,1,0,1,0,0,1,0
55,33.88,3,9.391675459035488,0,1,1,0,0,0,1,0
28,38.06,0,7.89748061920863,0,1,1,0,0,0,1,0
58,41.91,0,10.095278187436026,1,0,1,0,0,0,1,0
41,31.635,1,8.90370320137391,1,0,1,0,1,0,0,0
47,25.46,2,9.129808654756966,0,1,1,0,1,0,0,0
42,36.195,1,8.915249999039231,1,0,1,0,0,1,0,0
59,27.83,3,9.546975930973856,1,0,1,0,0,0,1,0
19,17.8,0,7.455174128616395,1,0,1,0,0,0,0,1
59,27.5,1,9.420182084804624,0,1,1,0,0,0,0,1
39,24.51,2,8.8115318445937,0,1,1,0,0,1,0,0
40,22.22,2,9.875358915820158,1,0,0,1,0,0,1,0
18,26.73,0,7.38818356963782,1,0,1,0,0,0,1,0
31,38.39,2,8.403846448346194,0,1,1,0,0,0,1,0
19,29.07,0,9.761559883917982,0,1,0,1,0,1,0,0
44,38.06,1,8.8753809864185,0,1,1,0,0,0,1,0
23,36.67,2,10.558741474285288,1,0,0,1,1,0,0,0
33,22.135,1,8.585799923027448,1,0,1,0,1,0,0,0
55,26.8,1,10.46769662004982,1,0,1,0,0,0,0,1
40,35.3,3,8.881540011113447,0,1,1,0,0,0,0,1
63,27.74,0,10.292964379870284,1,0,0,1,1,0,0,0
54,30.02,0,10.105508729278704,0,1,1,0,0,1,0,0
60,38.06,0,9.445389047240473,1,0,1,0,0,0,1,0
24,35.86,0,7.594850885649312,0,1,1,0,0,0,1,0
19,20.9,1,7.513760528576108,0,1,1,0,0,0,0,1
29,28.975,1,8.304385602035516,0,1,1,0,1,0,0,0
18,17.29,2,9.459576928531634,0,1,0,1,1,0,0,0
63,32.2,2,10.764398863693874,1,0,0,1,0,0,0,1
54,34.21,2,10.697876149651316,0,1,0,1,0,0,1,0
27,30.3,3,8.35743374515769,0,1,1,0,0,0,0,1
50,31.825,0,10.623718673206703,0,1,0,1,1,0,0,0
55,25.365,3,9.476415615313064,1,0,1,0,1,0,0,0
56,33.63,0,10.690174794892773,0,1,0,1,0,1,0,0
38,40.15,0,8.594520924571889,1,0,1,0,0,0,1,0
51,24.415,4,9.351935402782894,0,1,1,0,0,1,0,0
19,31.92,0,10.42677397112374,0,1,0,1,0,1,0,0
58,25.2,0,9.37908349095592,1,0,1,0,0,0,0,1
20,26.84,1,9.74603035553437,1,0,0,1,0,0,1,0
52,24.32,3,10.121451183195617,0,1,0,1,1,0,0,0
19,36.955,0,10.497377925466413,0,1,0,1,0,1,0,0
53,38.06,3,9.92642240947147,1,0,1,0,0,0,1,0
46,42.35,3,10.739698273540991,0,1,0,1,0,0,1,0
40,19.8,1,9.751531579244293,0,1,0,1,0,0,1,0
59,32.395,3,9.588203496124477,1,0,1,0,1,0,0,0
45,30.2,1,8.914902030622676,0,1,1,0,0,0,0,1
49,25.84,1,9.135991820116253,0,1,1,0,1,0,0,0
18,29.37,1,7.45033320043123,0,1,1,0,0,0,1,0
50,34.2,2,10.665643824451482,0,1,0,1,0,0,0,1
41,37.05,2,8.891057891289574,0,1,1,0,0,1,0,0
50,27.455,1,9.171460495531472,0,1,1,0,1,0,0,0
25,27.55,0,7.83366737671532,0,1,1,0,0,1,0,0
47,26.6,2,9.181615844630539,1,0,1,0,1,0,0,0
19,20.615,2,7.939051093794686,0,1,1,0,0,1,0,0
22,24.3,0,7.673906143622677,1,0,1,0,0,0,0,1
59,31.79,2,9.467289315409559,0,1,1,0,0,0,1,0
51,21.56,1,9.195849017664951,1,0,1,0,0,0,1,0
40,28.12,1,10.013801286727906,1,0,0,1,1,0,0,0
54,40.565,3,10.790353147245165,0,1,0,1,1,0,0,0
30,27.645,1,8.35187659916581,0,1,1,0,1,0,0,0
55,32.395,1,9.38262035129579,1,0,1,0,1,0,0,0
52,31.2,0,9.172318619781873,1,0,1,0,0,0,0,1
46,26.62,1,8.954558668836356,0,1,1,0,0,0,1,0
46,48.07,2,9.152067545644531,1,0,1,0,1,0,0,0
63,26.22,0,9.56501681624412,1,0,1,0,0,1,0,0
59,36.765,1,10.776824672732586,1,0,0,1,1,0,0,0
52,26.4,3,10.165614136452142,0,1,1,0,0,0,1,0
28,33.4,0,8.062438464431901,1,0,1,0,0,0,0,1
29,29.64,1,9.917331654694205,0,1,1,0,1,0,0,0
25,45.54,2,10.648117355060027,0,1,0,1,0,0,1,0
22,28.82,0,7.6768221253017135,1,0,1,0,0,0,1,0
25,26.8,3,8.270557600285665,0,1,1,0,0,0,0,1
18,22.99,0,7.441653530700935,0,1,1,0,1,0,0,0
19,27.7,0,9.698849586742577,0,1,0,1,0,0,0,1
47,25.41,1,9.997873528122545,0,1,0,1,0,0,1,0
31,34.39,3,10.56481777696811,0,1,0,1,0,1,0,0
48,28.88,1,9.132432364208652,1,0,1,0,0,1,0,0
36,27.55,3,8.816963283483116,0,1,1,0,1,0,0,0
53,22.61,3,10.12159383408287,1,0,0,1,1,0,0,0
56,37.51,2,9.414627810947572,1,0,1,0,0,0,1,0
28,33.0,2,8.37803732533973,1,0,1,0,0,0,1,0
57,38.0,2,9.445191679264019,1,0,1,0,0,0,0,1
29,33.345,2,9.875260568281162,0,1,1,0,0,1,0,0
28,27.5,2,9.91238144089692,1,0,1,0,0,0,0,1
30,33.33,1,8.331352337153241,1,0,1,0,0,0,1,0
58,34.865,0,9.388117815742655,0,1,1,0,1,0,0,0
41,33.06,2,8.955468302788928,1,0,1,0,0,1,0,0
50,26.6,0,9.041385955553112,0,1,1,0,0,0,0,1
19,24.7,0,7.460706623048484,1,0,1,0,0,0,0,1
43,35.97,3,10.648408900220794,0,1,0,1,0,0,1,0
49,35.86,0,9.0027512705501,0,1,1,0,0,0,1,0
27,31.4,0,10.458517785724434,1,0,0,1,0,0,0,1
52,33.25,0,9.182328630918125,0,1,1,0,1,0,0,0
50,32.205,0,9.086619549377918,0,1,1,0,0,1,0,0
54,32.775,0,9.253022898632628,0,1,1,0,1,0,0,0
44,27.645,0,8.912230053888154,1,0,1,0,0,1,0,0
32,37.335,1,8.44861615845646,0,1,1,0,1,0,0,0
34,25.27,1,8.496123434850745,0,1,1,0,0,1,0,0
26,29.64,4,10.113451162350522,1,0,1,0,1,0,0,0
34,30.8,0,10.477080630025265,0,1,0,1,0,0,0,1
57,40.945,0,9.355937478358893,0,1,1,0,1,0,0,0
29,27.2,0,7.961053205874943,0,1,1,0,0,0,0,1
40,34.105,1,8.795007631020276,0,1,1,0,1,0,0,0
27,23.21,1,8.17832698353113,1,0,1,0,0,0,1,0
45,36.48,2,10.66339349548542,0,1,0,1,0,1,0,0
64,33.8,1,10.77747665410203,1,0,0,1,0,0,0,1
52,36.7,0,9.121024341311264,0,1,1,0,0,0,0,1
61,36.385,1,10.789701749058079,1,0,0,1,1,0,0,0
52,27.36,0,10.102117993548466,0,1,0,1,0,1,0,0
61,31.16,0,9.505248925403608,1,0,1,0,0,1,0,0
56,28.785,0,9.363866212346206,1,0,1,0,1,0,0,0
43,35.72,2,9.859826976803518,1,0,1,0,1,0,0,0
64,34.5,0,9.534147240363593,0,1,1,0,0,0,0,1
60,25.74,0,9.404555798769838,0,1,1,0,0,0,1,0
62,27.55,1,9.542422019767502,0,1,1,0,0,1,0,0
50,32.3,1,10.643520632923545,0,1,0,1,1,0,0,0
46,27.72,1,9.015983334474301,1,0,1,0,0,0,1,0
24,27.6,0,9.849887397812179,1,0,1,0,0,0,0,1
62,30.02,0,9.49950383163192,0,1,1,0,0,1,0,0
60,27.55,0,9.489341965346648,1,0,1,0,1,0,0,0
63,36.765,0,9.545586882702239,0,1,1,0,1,0,0,0
49,41.47,4,9.303667341062978,1,0,1,0,0,0,1,0
34,29.26,3,8.729930691092335,1,0,1,0,0,0,1,0
33,35.75,2,8.49515195831077,0,1,1,0,0,0,1,0
46,33.345,1,9.028273688699214,0,1,1,0,1,0,0,0
36,29.92,1,8.608684598069976,1,0,1,0,0,0,1,0
19,27.835,0,7.400457857963227,0,1,1,0,0,1,0,0
57,23.18,0,9.378529805732738,1,0,1,0,0,1,0,0
50,25.6,0,9.097516966993574,1,0,1,0,0,0,0,1
30,27.7,0,8.176167443279338,1,0,1,0,0,0,0,1
33,35.245,0,9.425925760201038,0,1,1,0,1,0,0,0
18,38.28,0,9.556341192111814,1,0,1,0,0,0,1,0
46,27.6,0,10.110666276266825,0,1,1,0,0,0,0,1
46,43.89,3,9.09886286338379,0,1,1,0,0,0,1,0
47,29.83,3,9.171737860496863,0,1,1,0,0,1,0,0
23,41.91,0,7.516586664386934,0,1,1,0,0,0,1,0
18,20.79,0,7.383063625801425,1,0,1,0,0,0,1,0
48,32.3,2,9.214755510890138,1,0,1,0,1,0,0,0
35,30.5,1,8.466335591573717,0,1,1,0,0,0,0,1
19,21.7,0,9.535715982427288,1,0,0,1,0,0,0,1
21,26.4,1,7.862796998321119,1,0,1,0,0,0,0,1
21,21.89,2,8.065111237270983,1,0,1,0,0,0,1,0
49,30.78,1,9.188028012334827,1,0,1,0,1,0,0,0
56,32.3,3,9.505340477188708,1,0,1,0,1,0,0,0
42,24.985,2,8.989451919763543,1,0,1,0,0,1,0,0
44,32.015,2,9.001749028055706,0,1,1,0,0,1,0,0
18,30.4,3,8.15561137128436,0,1,1,0,1,0,0,0
61,21.09,0,9.504206143391677,1,0,1,0,0,1,0,0
57,22.23,0,9.395182640771196,1,0,1,0,1,0,0,0
42,33.155,1,8.941207520720209,1,0,1,0,1,0,0,0
26,32.9,2,10.493666326285387,0,1,0,1,0,0,0,1
20,33.33,0,7.238876582001974,0,1,1,0,0,0,1,0
23,28.31,0,9.800067813463585,1,0,0,1,0,1,0,0
39,24.89,3,9.983265460537941,1,0,0,1,1,0,0,0
24,40.15,0,10.54868443676389,0,1,0,1,0,0,1,0
64,30.115,3,9.70848844511357,1,0,1,0,0,1,0,0
62,31.46,1,10.203665650803366,0,1,1,0,0,0,1,0
27,17.955,2,9.616310649131641,1,0,0,1,1,0,0,0
55,30.685,0,10.652653284414502,0,1,0,1,1,0,0,0
55,33.0,0,9.941866032264237,0,1,1,0,0,0,1,0
35,43.34,2,8.673840911043067,1,0,1,0,0,0,1,0
44,22.135,2,9.024436685007856,0,1,1,0,1,0,0,0
19,34.4,0,7.14113347716353,0,1,1,0,0,0,0,1
58,39.05,0,9.38070839409327,1,0,1,0,0,0,1,0
50,25.365,2,10.318429048841343,0,1,1,0,0,1,0,0
26,22.61,0,8.063949415903263,1,0,1,0,0,1,0,0
24,30.21,3,8.43795080839747,1,0,1,0,0,1,0,0
48,35.625,4,9.281532094217951,0,1,1,0,1,0,0,0
19,37.43,0,7.668126761364597,1,0,1,0,0,1,0,0
48,31.445,1,9.101090140059927,0,1,1,0,1,0,0,0
49,31.35,1,9.136816483058785,0,1,1,0,1,0,0,0
46,32.3,2,9.14974128108383,1,0,1,0,1,0,0,0
46,19.855,0,8.926345686084085,0,1,1,0,0,1,0,0
43,34.4,3,9.050524022510972,1,0,1,0,0,0,0,1
21,31.02,0,9.716404540584689,0,1,1,0,0,0,1,0
64,25.6,2,9.615100698450775,0,1,1,0,0,0,0,1
18,38.17,0,7.397970949251833,1,0,1,0,0,0,1,0
51,20.6,0,9.13408515768567,1,0,1,0,0,0,0,1
47,47.52,1,8.997755852357802,0,1,1,0,0,0,1,0
64,32.965,0,9.595172023545116,1,0,1,0,0,1,0,0
49,32.3,3,9.237027092571918,0,1,1,0,0,1,0,0
31,20.4,0,8.089850198153114,0,1,1,0,0,0,0,1
52,38.38,2,9.34118442443452,1,0,1,0,1,0,0,0
33,24.31,0,8.339524290214545,1,0,1,0,0,0,1,0
47,23.6,1,9.052594855124614,1,0,1,0,0,0,0,1
38,21.12,3,8.802902639523314,0,1,1,0,0,0,1,0
32,30.03,1,8.312737356900724,0,1,1,0,0,0,1,0
19,17.48,0,7.391624953743197,0,1,1,0,0,1,0,0
44,20.235,1,9.883071028994202,1,0,0,1,1,0,0,0
26,17.195,2,9.57890938371461,1,0,0,1,1,0,0,0
25,23.9,5,8.533282265333764,0,1,1,0,0,0,0,1
19,35.15,0,7.666644084784582,1,0,1,0,0,1,0,0
43,35.64,1,8.902010132460202,1,0,1,0,0,0,1,0
52,34.1,0,9.120629098999837,0,1,1,0,0,0,1,0
36,22.6,2,9.831414692751101,1,0,0,1,0,0,0,1
64,39.16,1,9.576321506681127,0,1,1,0,0,0,1,0
63,26.98,0,10.273376231281647,1,0,0,1,0,1,0,0
64,33.88,0,10.75556528255223,0,1,0,1,0,0,1,0
61,35.86,0,10.74935814629129,0,1,0,1,0,0,1,0
40,32.775,1,10.57455097838094,0,1,0,1,1,0,0,0
25,30.59,0,7.9114688398546,0,1,1,0,1,0,0,0
48,30.2,2,9.101566258840629,0,1,1,0,0,0,0,1
45,24.31,5,9.189103037780079,0,1,1,0,0,0,1,0
38,27.265,1,8.78814667043458,1,0,1,0,1,0,0,0
18,29.165,0,8.899012231045653,1,0,1,0,1,0,0,0
21,16.815,1,8.060999634628304,1,0,1,0,1,0,0,0
27,30.4,3,9.841918080739502,1,0,1,0,0,1,0,0
19,33.1,0,10.046893080722418,0,1,1,0,0,0,0,1
29,20.235,2,8.498501515385113,1,0,1,0,0,1,0,0
42,26.9,0,8.694623304581604,0,1,1,0,0,0,0,1
60,30.5,0,9.444557978963903,1,0,1,0,0,0,0,1
31,28.595,1,8.353400521643866,0,1,1,0,0,1,0,0
60,33.11,3,9.541141048520416,0,1,1,0,0,0,1,0
22,31.73,0,7.7212584933091,0,1,1,0,1,0,0,0
35,28.9,3,8.687416188230921,0,1,1,0,0,0,0,1
52,46.75,5,9.440938826320156,1,0,1,0,0,0,1,0
26,29.45,0,7.971887745360061,0,1,1,0,1,0,0,0
31,32.68,1,8.463638014584385,1,0,1,0,0,1,0,0
33,33.5,0,10.520843051991926,1,0,0,1,0,0,0,1
18,43.01,0,7.047861422982685,0,1,1,0,0,0,1,0
59,36.52,1,10.250224697824164,1,0,1,0,0,0,1,0
56,26.695,1,10.170086264064933,0,1,0,1,0,1,0,0
45,33.1,0,8.901922661108681,1,0,1,0,0,0,0,1
60,29.64,0,9.45187375698508,0,1,1,0,1,0,0,0
56,25.65,0,9.34618347179548,1,0,1,0,0,1,0,0
40,29.6,0,8.684729990323365,1,0,1,0,0,0,0,1
35,38.6,1,8.468702072528307,0,1,1,0,0,0,0,1
39,29.6,4,8.924425670137794,0,1,1,0,0,0,0,1
30,24.13,1,8.30232547571083,0,1,1,0,0,1,0,0
24,23.4,0,7.586100448298335,0,1,1,0,0,0,0,1
20,29.735,0,7.4790351476983075,0,1,1,0,0,1,0,0
32,46.53,2,8.452630925996774,0,1,1,0,0,0,1,0
59,37.4,0,9.989573519799563,0,1,1,0,0,0,0,1
55,30.14,2,9.382861528010224,1,0,1,0,0,0,1,0
57,30.495,0,9.379388816964665,1,0,1,0,0,1,0,0
56,39.6,0,9.268836801385039,0,1,1,0,0,0,0,1
40,33.0,3,8.946852576584133,1,0,1,0,0,0,1,0
49,36.63,3,9.24787492397379,1,0,1,0,0,0,1,0
42,30.0,0,10.005368461377705,0,1,0,1,0,0,0,1
62,38.095,2,9.631109379076921,1,0,1,0,1,0,0,0
56,25.935,0,9.320666128896399,0,1,1,0,1,0,0,0
19,25.175,0,7.398196291131923,0,1,1,0,0,1,0,0
30,28.38,1,9.879346907833451,1,0,0,1,0,0,1,0
60,28.7,1,9.489916656109772,1,0,1,0,0,0,0,1
56,33.82,2,9.444967952673995,1,0,1,0,0,1,0,0
28,24.32,1,10.055776288592854,1,0,1,0,1,0,0,0
18,24.09,1,7.697165412586526,1,0,1,0,0,0,1,0
27,32.67,0,7.8232610228337975,0,1,1,0,0,0,1,0
18,30.115,0,7.698243235381013,1,0,1,0,1,0,0,0
19,29.8,0,7.464776274782898,1,0,1,0,0,0,0,1
47,33.345,0,9.946536717709563,1,0,1,0,1,0,0,0
54,25.1,3,10.14184663826875,0,1,0,1,0,0,0,1
61,28.31,1,10.270546630746471,0,1,0,1,0,1,0,0
24,28.5,0,10.467338032351108,0,1,0,1,1,0,0,0
25,35.625,0,7.838104229407323,0,1,1,0,0,1,0,0
21,36.85,0,7.336484011683811,0,1,1,0,0,0,1,0
23,32.56,0,7.509491637351601,0,1,1,0,0,0,1,0
63,41.325,3,9.652213828783925,0,1,1,0,0,1,0,0
49,37.51,2,9.138382598794596,0,1,1,0,0,0,1,0
18,31.35,0,7.392147703715684,1,0,1,0,0,0,1,0
51,39.5,1,9.198375882065827,1,0,1,0,0,0,0,1
48,34.3,3,9.165764360777716,0,1,1,0,0,0,0,1
31,31.065,0,8.377476618511869,1,0,1,0,1,0,0,0
54,21.47,3,9.431590235394745,1,0,1,0,0,1,0,0
19,28.7,0,7.134839854249607,0,1,1,0,0,0,0,1
44,38.06,0,10.797249109904177,1,0,0,1,0,0,1,0
53,31.16,1,9.25559853453652,0,1,1,0,0,1,0,0
19,32.9,0,7.46724191572076,1,0,1,0,0,0,0,1
61,25.08,0,10.107003384664843,1,0,1,0,0,0,1,0
18,25.08,0,7.695063433808059,1,0,1,0,1,0,0,0
61,43.4,0,9.439469891580627,0,1,1,0,0,0,0,1
21,25.7,4,9.794961253291493,0,1,0,1,0,0,0,1
20,27.93,0,7.584784612098522,0,1,1,0,1,0,0,0
31,23.6,2,8.503631039784164,1,0,1,0,0,0,0,1
45,28.7,2,8.990811280624369,0,1,1,0,0,0,0,1
44,23.98,2,9.013363979720499,1,0,1,0,0,0,1,0
62,39.2,0,9.50835834450412,1,0,1,0,0,0,0,1
29,34.4,0,10.496778457941513,0,1,0,1,0,0,0,1
43,26.03,0,8.830304488020296,0,1,1,0,1,0,0,0
51,23.21,1,10.008708228916898,0,1,0,1,0,0,1,0
19,30.25,0,10.390512386294743,0,1,0,1,0,0,1,0
38,28.93,1,8.695403759664329,1,0,1,0,0,0,1,0
37,30.875,3,8.824363613843078,0,1,1,0,0,1,0,0
22,31.35,1,7.880149746496443,0,1,1,0,0,1,0,0
21,23.75,2,8.032066340558185,0,1,1,0,0,1,0,0
24,25.27,0,8.021326226951746,1,0,1,0,1,0,0,0
57,28.7,0,9.346293330242524,1,0,1,0,0,0,0,1
56,32.11,1,9.372799376178472,0,1,1,0,1,0,0,0
27,33.66,0,7.823811743417819,0,1,1,0,0,0,1,0
51,22.42,0,9.144449128321916,0,1,1,0,1,0,0,0
19,30.4,0,7.136721048243693,0,1,1,0,0,0,0,1
39,28.3,1,9.956229896543988,0,1,0,1,0,0,0,1
58,35.7,0,9.33818418343157,0,1,1,0,0,0,0,1
20,35.31,1,10.230100226952432,0,1,1,0,0,0,1,0
45,30.495,2,9.03770729591406,0,1,1,0,0,1,0,0
35,31.0,1,8.564413552660973,1,0,1,0,0,0,0,1
31,30.875,0,8.258100972962831,0,1,1,0,1,0,0,0
50,27.36,0,10.15259413877095,1,0,1,0,1,0,0,0
32,44.22,0,8.292843362842069,1,0,1,0,0,0,1,0
51,33.915,0,9.196982030295576,1,0,1,0,1,0,0,0
38,37.73,0,8.593898033069413,1,0,1,0,0,0,1,0
42,26.07,1,10.551809770451573,0,1,0,1,0,0,1,0
18,33.88,0,9.348678244323038,1,0,1,0,0,0,1,0
19,30.59,2,10.08833425970263,1,0,1,0,0,1,0,0
51,25.8,1,9.19644680176362,1,0,1,0,0,0,0,1
46,39.425,1,9.029287060618893,0,1,1,0,1,0,0,0
18,25.46,0,7.443664502307765,0,1,1,0,1,0,0,0
57,42.13,1,10.792952010031655,0,1,0,1,0,0,1,0
62,31.73,0,9.549984480033253,1,0,1,0,1,0,0,0
59,29.7,2,9.467064607493612,0,1,1,0,0,0,1,0
37,36.19,0,9.863483219993356,0,1,1,0,0,0,1,0
64,40.48,0,9.534748355842035,0,1,1,0,0,0,1,0
38,28.025,1,8.71080522851658,0,1,1,0,1,0,0,0
33,38.9,3,8.695067875511425,1,0,1,0,0,0,0,1
46,30.2,2,9.085466933720385,1,0,1,0,0,0,0,1
46,28.05,1,9.01603904340621,1,0,1,0,0,0,1,0
53,31.35,0,10.216363650995902,0,1,1,0,0,0,1,0
34,38.0,3,8.731892873394113,1,0,1,0,0,0,0,1
20,31.79,2,8.025316268363376,1,0,1,0,0,0,1,0
63,36.3,0,9.538795125732342,1,0,1,0,0,0,1,0
54,47.41,0,11.063060532190162,1,0,0,1,0,0,1,0
54,30.21,0,9.233324198593776,0,1,1,0,0,1,0,0
49,25.84,2,10.077787043428529,0,1,0,1,0,1,0,0
28,35.435,0,8.092498366767181,0,1,1,0,1,0,0,0
54,46.7,2,9.353524365493143,1,0,1,0,0,0,0,1
25,28.595,0,8.075465071440826,1,0,1,0,1,0,0,0
43,46.2,0,10.733440244314842,1,0,0,1,0,0,1,0
63,30.8,0,9.502379862079522,0,1,1,0,0,0,0,1
32,28.93,0,8.287509474769184,1,0,1,0,0,0,1,0
62,21.4,0,9.469477743312012,0,1,1,0,0,0,0,1
52,31.73,2,9.32265574941728,1,0,1,0,0,1,0,0
25,41.325,0,9.791432493902233,1,0,1,0,1,0,0,0
28,23.8,2,8.255483952372746,0,1,1,0,0,0,0,1
46,33.44,1,9.02828953053552,0,1,1,0,1,0,0,0
34,34.21,0,8.277965963428455,0,1,1,0,0,0,1,0
35,34.105,3,10.596245306029195,1,0,0,1,0,1,0,0
19,35.53,0,7.406971594753039,0,1,1,0,0,1,0,0
46,19.95,2,9.126397572990754,1,0,1,0,0,1,0,0
54,32.68,0,9.298802905528621,1,0,1,0,1,0,0,0
27,30.5,0,7.8220528257820146,0,1,1,0,0,0,0,1
50,44.77,1,9.111594630382022,0,1,1,0,0,0,1,0
18,32.12,2,7.938181085229934,1,0,1,0,0,0,1,0
19,30.495,0,7.66361011034647,1,0,1,0,0,1,0,0
38,40.565,1,8.760069932321768,1,0,1,0,0,1,0,0
41,30.59,2,8.88982143603946,0,1,1,0,0,1,0,0
49,31.9,5,9.354778667495891,1,0,1,0,0,0,0,1
48,40.565,2,10.729919709268806,0,1,0,1,0,1,0,0
31,29.1,0,8.232783625136976,1,0,1,0,0,0,0,1
18,37.29,1,7.705462950265285,1,0,1,0,0,0,1,0
30,43.12,2,8.466875589307184,1,0,1,0,0,0,1,0
62,36.86,1,10.361576769338859,1,0,1,0,1,0,0,0
57,34.295,2,9.489868570516817,1,0,1,0,1,0,0,0
58,27.17,0,9.41114819167274,1,0,1,0,0,1,0,0
22,26.84,0,7.418180582630721,0,1,1,0,0,0,1,0
31,38.095,1,10.978013317271689,1,0,0,1,1,0,0,0
52,30.2,1,9.1825096657163,0,1,1,0,0,0,0,1
25,23.465,0,8.07324439968179,1,0,1,0,1,0,0,0
59,25.46,1,9.46614411706674,0,1,1,0,1,0,0,0
19,30.59,0,7.402794815544403,0,1,1,0,0,1,0,0
39,45.43,2,8.757354429009172,0,1,1,0,0,0,1,0
32,23.65,1,9.777200684005635,1,0,1,0,0,0,1,0
19,20.7,0,7.125939352391521,0,1,1,0,0,0,0,1
33,28.27,1,8.472321821731741,1,0,1,0,0,0,1,0
21,20.235,3,8.258994746859445,0,1,1,0,1,0,0,0
34,30.21,1,10.690691311561388,1,0,0,1,0,1,0,0
61,35.91,0,9.520515412744432,1,0,1,0,1,0,0,0
38,30.69,1,8.695813088848222,1,0,1,0,0,0,1,0
58,29.0,0,9.379529575649649,1,0,1,0,0,0,0,1
47,19.57,1,9.039441641579534,0,1,1,0,0,1,0,0
20,31.13,2,7.850676529858338,0,1,1,0,0,0,1,0
21,21.85,1,9.639528810063936,1,0,0,1,1,0,0,0
41,40.26,0,8.650003093829282,0,1,1,0,0,0,1,0
46,33.725,1,9.085342267069315,1,0,1,0,1,0,0,0
42,29.48,2,8.941324228736448,1,0,1,0,0,0,1,0
34,33.25,1,8.629779726397803,1,0,1,0,1,0,0,0
43,32.6,2,8.914962227253376,0,1,1,0,0,0,0,1
52,37.525,2,10.418493582913673,1,0,1,0,0,1,0,0
18,39.16,0,7.398813447633399,1,0,1,0,0,0,1,0
51,31.635,0,9.124252457554622,0,1,1,0,0,1,0,0
56,25.3,0,9.312132679143147,1,0,1,0,0,0,0,1
64,39.05,3,9.685712533579563,1,0,1,0,0,0,1,0
19,28.31,0,9.768239481547827,1,0,0,1,0,1,0,0
51,34.1,0,9.136108299814682,1,0,1,0,0,0,1,0
27,25.175,0,8.17740914680797,1,0,1,0,1,0,0,0
59,23.655,0,10.153459130430234,1,0,0,1,0,1,0,0
28,26.98,2,8.39752958359195,0,1,1,0,1,0,0,0
30,37.8,2,10.577514144158846,0,1,0,1,0,0,0,1
47,29.37,1,9.053533485887781,1,0,1,0,0,0,1,0
38,34.8,2,8.790656251142297,1,0,1,0,0,0,0,1
18,33.155,0,7.700158231613471,1,0,1,0,1,0,0,0
34,19.0,3,8.817895827225215,1,0,1,0,1,0,0,0
20,33.0,0,7.5395960428563376,1,0,1,0,0,0,1,0
47,36.63,1,10.668277320649413,1,0,0,1,0,0,1,0
56,28.595,0,9.363843560797804,1,0,1,0,1,0,0,0
49,25.6,2,10.056532492687104,0,1,0,1,0,0,0,1
19,33.11,0,10.446998810149239,1,0,0,1,0,0,1,0
55,37.1,0,9.27936668290403,1,0,1,0,0,0,0,1
30,31.4,1,8.205312957446337,0,1,1,0,0,0,0,1
37,34.1,4,10.601205421566801,0,1,0,1,0,0,0,1
49,21.3,1,9.12512773991086,1,0,1,0,0,0,0,1
18,33.535,0,10.452153340301185,0,1,0,1,1,0,0,0
59,28.785,0,9.403487631324172,0,1,1,0,0,1,0,0
29,26.03,0,8.226162772838286,1,0,1,0,0,1,0,0
36,28.88,3,8.817237219069602,0,1,1,0,1,0,0,0
33,42.46,1,9.335007645242428,0,1,1,0,0,0,1,0
58,38.0,0,9.338465476927729,0,1,1,0,0,0,0,1
44,38.95,0,10.668593899111492,1,0,0,1,0,1,0,0
53,36.1,1,9.218987477762719,0,1,1,0,0,0,0,1
24,29.3,0,7.590253459676551,0,1,1,0,0,0,0,1
29,35.53,0,8.121976300481775,1,0,1,0,0,0,1,0
40,22.705,2,8.878268831073855,0,1,1,0,1,0,0,0
51,39.7,1,9.14765038125302,0,1,1,0,0,0,0,1
64,38.19,0,9.575811760505234,0,1,1,0,1,0,0,0
19,24.51,1,7.904745204534191,1,0,1,0,0,1,0,0
35,38.095,2,10.123267303010618,1,0,1,0,1,0,0,0
39,26.41,0,9.910975592060328,0,1,0,1,1,0,0,0
56,33.66,4,9.468863067055684,0,1,1,0,0,0,1,0
33,42.4,5,8.804961710131433,0,1,1,0,0,0,0,1
42,28.31,3,10.39783186019457,0,1,0,1,0,1,0,0
61,33.915,0,9.48378645563528,0,1,1,0,1,0,0,0
23,34.96,3,8.404611420699071,1,0,1,0,0,1,0,0
43,35.31,2,9.841992154798112,0,1,1,0,0,0,1,0
48,30.78,3,9.224453925568676,0,1,1,0,1,0,0,0
39,26.22,1,8.720063632934732,0,1,1,0,0,1,0,0
40,23.37,3,9.01836649707885,1,0,1,0,1,0,0,0
18,28.5,0,7.44613400559835,0,1,1,0,1,0,0,0
58,32.965,0,9.428025320187261,1,0,1,0,1,0,0,0
49,42.68,2,9.190330319568902,1,0,1,0,0,0,1,0
53,39.6,1,9.26678790542275,1,0,1,0,0,0,1,0
48,31.13,0,9.021794206438944,1,0,1,0,0,0,1,0
45,36.3,2,9.051172527199116,1,0,1,0,0,0,1,0
59,35.2,0,9.412916333084677,1,0,1,0,0,0,1,0
52,25.3,2,10.113279121535477,1,0,0,1,0,0,1,0
26,42.4,1,8.134855764715072,1,0,1,0,0,0,0,1
27,33.155,2,8.308867424964408,0,1,1,0,0,1,0,0
48,35.91,1,10.18086396449639,1,0,1,0,1,0,0,0
57,28.785,4,9.57466386157312,1,0,1,0,1,0,0,0
37,46.53,3,8.769759411434398,0,1,1,0,0,0,1,0
57,23.98,1,10.00755189847881,1,0,1,0,0,0,1,0
32,31.54,1,8.546665116097628,1,0,1,0,1,0,0,0
18,33.66,0,7.0364997073536575,0,1,1,0,0,0,1,0
64,22.99,0,10.205032370326837,1,0,0,1,0,0,1,0
43,38.06,2,10.658703732473311,0,1,0,1,0,0,1,0
49,28.7,1,9.071590357429313,0,1,1,0,0,0,0,1
40,32.775,2,10.596743033481374,1,0,0,1,0,1,0,0
62,32.015,0,10.730098795172696,0,1,0,1,1,0,0,0
40,29.81,1,8.779747576271241,1,0,1,0,0,0,1,0
30,31.57,3,8.48437704358008,0,1,1,0,0,0,1,0
29,31.16,0,8.28010166781753,1,0,1,0,1,0,0,0
36,29.7,0,8.389525942470872,0,1,1,0,0,0,1,0
41,31.02,0,8.730095810936916,1,0,1,0,0,0,1,0
44,43.89,2,10.740778043679219,1,0,0,1,0,0,1,0
45,21.375,0,8.88513450578863,0,1,1,0,0,1,0,0
55,40.81,3,9.432427437405662,1,0,1,0,0,0,1,0
60,31.35,3,10.739251867268182,0,1,0,1,0,1,0,0
56,36.1,3,9.42258854361923,0,1,1,0,0,0,0,1
49,23.18,2,9.225995508349417,1,0,1,0,0,1,0,0
21,17.4,1,7.857971575576991,1,0,1,0,0,0,0,1
19,20.3,0,7.125492240997046,0,1,1,0,0,0,0,1
39,35.3,2,10.599253550997114,0,1,0,1,0,0,0,1
53,24.32,0,9.196694874195067,0,1,1,0,0,1,0,0
33,18.5,1,8.46947707025606,1,0,1,0,0,0,0,1
53,26.41,2,9.32771238095045,0,1,1,0,1,0,0,0
42,26.125,2,8.95294767625535,0,1,1,0,1,0,0,0
40,41.69,0,8.601488217462839,0,1,1,0,0,0,1,0
47,24.1,1,10.174948012051829,1,0,1,0,0,0,0,1
27,31.13,1,10.457587231822082,0,1,0,1,0,0,1,0
21,27.36,0,7.652124616399419,0,1,1,0,1,0,0,0
47,36.2,1,8.995807764838128,0,1,1,0,0,0,0,1
20,32.395,1,7.76778420435559,0,1,1,0,0,1,0,0
24,23.655,0,7.763857885011628,0,1,1,0,0,1,0,0
27,34.8,1,8.18283843135833,1,0,1,0,0,0,0,1
26,40.185,0,8.071607452150024,1,0,1,0,0,1,0,0
53,32.3,2,10.281495210042761,1,0,1,0,1,0,0,0
41,35.75,1,10.603477406020094,0,1,0,1,0,0,1,0
56,33.725,0,9.303579841156493,0,1,1,0,0,1,0,0
23,39.27,2,8.160978798550433,1,0,1,0,0,0,1,0
21,34.87,0,7.6116209606234735,1,0,1,0,0,0,1,0
50,44.745,0,9.16353127694282,1,0,1,0,1,0,0,0
53,41.47,0,9.159605900365463,0,1,1,0,0,0,1,0
34,26.41,1,8.59162100812852,1,0,1,0,0,1,0,0
47,29.545,1,9.097388285346995,1,0,1,0,0,1,0,0
33,32.9,2,8.589706950630385,1,0,1,0,0,0,0,1
51,38.06,0,10.701026423594328,1,0,0,1,0,0,1,0
49,28.69,3,9.236538397205585,0,1,1,0,0,1,0,0
31,30.495,3,8.71837429205405,1,0,1,0,1,0,0,0
36,27.74,0,8.607035101996651,1,0,1,0,1,0,0,0
18,35.2,1,7.455032400546046,0,1,1,0,0,0,1,0
50,23.54,2,9.221104292567524,1,0,1,0,0,0,1,0
43,30.685,2,9.025436181051878,1,0,1,0,0,1,0,0
20,40.47,0,7.593602529770897,0,1,1,0,1,0,0,0
24,22.6,0,7.807307500355832,1,0,1,0,0,0,0,1
60,28.9,0,9.404917438938556,0,1,1,0,0,0,0,1
49,22.61,1,9.166178525103005,1,0,1,0,0,1,0,0
60,24.32,1,9.481405504636669,0,1,1,0,0,1,0,0
51,36.67,2,9.29184056776694,1,0,1,0,0,1,0,0
58,33.44,0,9.41186090985631,1,0,1,0,0,1,0,0
51,40.66,0,9.197931742381153,1,0,1,0,1,0,0,0
53,36.6,3,9.329503876568936,0,1,1,0,0,0,0,1
62,37.4,0,9.471192570771418,0,1,1,0,0,0,0,1
19,35.4,0,7.142233548976983,0,1,1,0,0,0,0,1
50,27.075,1,9.220996814859703,1,0,1,0,1,0,0,0
30,39.05,3,10.619702355372844,1,0,0,1,0,0,1,0
41,28.405,1,8.80472814554665,0,1,1,0,0,1,0,0
29,21.755,1,9.720688928963911,1,0,0,1,1,0,0,0
18,40.28,0,7.70463218618605,1,0,1,0,1,0,0,0
41,36.08,1,8.822079547803693,1,0,1,0,0,0,1,0
35,24.42,3,9.87111924552953,0,1,0,1,0,0,1,0
53,21.4,1,9.216959715701863,0,1,1,0,0,0,0,1
24,30.1,3,8.351357473333898,1,0,1,0,0,0,0,1
48,27.265,1,9.153584855197606,1,0,1,0,1,0,0,0
59,32.1,3,9.547399721926915,1,0,1,0,0,0,0,1
49,34.77,1,9.167943523440737,1,0,1,0,0,1,0,0
37,38.39,0,10.607080463495848,1,0,0,1,0,0,1,0
26,23.7,2,8.15631829716365,0,1,1,0,0,0,0,1
23,31.73,3,10.496540926722394,0,1,0,1,1,0,0,0
29,35.5,2,10.70518541184319,0,1,0,1,0,0,0,1
45,24.035,2,9.060154912760522,0,1,1,0,1,0,0,0
27,29.15,0,9.811783116716633,0,1,0,1,0,0,1,0
53,34.105,0,10.67487777503456,0,1,0,1,1,0,0,0
31,26.62,0,8.23186695513534,1,0,1,0,0,0,1,0
50,26.41,0,9.085707543713813,0,1,1,0,0,1,0,0
50,30.115,1,9.201436837890052,1,0,1,0,0,1,0,0
34,27.0,2,9.37065903405995,0,1,1,0,0,0,0,1
19,21.755,0,7.395281026599949,0,1,1,0,0,1,0,0
47,36.0,1,9.054610929892709,1,0,1,0,0,0,0,1
28,30.875,0,8.027316025160287,0,1,1,0,0,1,0,0
37,26.4,0,9.880231361548105,1,0,0,1,0,0,1,0
21,28.975,0,7.553474448470738,0,1,1,0,0,1,0,0
64,37.905,0,9.56180930462359,0,1,1,0,0,1,0,0
58,22.77,0,9.378798127186592,1,0,1,0,0,0,1,0
24,33.63,4,9.748553086962389,0,1,1,0,1,0,0,0
31,27.645,2,8.523626364115717,0,1,1,0,1,0,0,0
39,22.8,3,8.985547336009843,1,0,1,0,1,0,0,0
47,27.83,0,10.046133189586,1,0,0,1,0,0,1,0
30,37.43,3,8.599644264340911,0,1,1,0,1,0,0,0
18,38.17,0,10.499815368294751,0,1,0,1,0,0,1,0
22,34.58,2,8.275569478961874,1,0,1,0,1,0,0,0
23,35.2,1,7.790677420579725,0,1,1,0,0,0,0,1
33,27.1,1,9.854395832903418,0,1,0,1,0,0,0,1
27,26.03,0,8.030021820193156,0,1,1,0,1,0,0,0
45,25.175,2,9.115597538700376,1,0,1,0,1,0,0,0
57,31.825,0,9.379544921577416,1,0,1,0,0,1,0,0
47,32.3,1,8.99513572400988,0,1,1,0,0,0,0,1
42,29.0,1,8.861015776488921,1,0,1,0,0,0,0,1
64,39.7,0,9.569414605316762,1,0,1,0,0,0,0,1
38,19.475,2,8.844227062179264,1,0,1,0,0,1,0,0
61,36.1,3,10.237896504190967,0,1,1,0,0,0,0,1
53,26.7,2,9.319354405402562,1,0,1,0,0,0,0,1
44,36.48,0,9.457060566687007,1,0,1,0,1,0,0,0
19,28.88,0,9.784112974798276,1,0,0,1,0,1,0,0
41,34.2,2,8.890512584774816,0,1,1,0,0,1,0,0
51,33.33,3,9.26496980675377,0,1,1,0,0,0,1,0
40,32.3,2,8.851906310268081,0,1,1,0,0,1,0,0
45,39.805,0,8.915889301461489,0,1,1,0,1,0,0,0
35,34.32,3,8.688686298256608,0,1,1,0,0,0,1,0
53,28.88,0,9.197337216191288,0,1,1,0,0,1,0,0
30,24.4,3,9.812479983213716,0,1,0,1,0,0,0,1
18,41.14,0,7.04559938348134,0,1,1,0,0,0,1,0
51,35.97,1,9.14709821552802,0,1,1,0,0,0,1,0
50,27.6,1,10.107295938476806,1,0,0,1,0,0,0,1
31,29.26,1,8.378279201427816,1,0,1,0,0,0,1,0
35,27.7,3,8.766422024131657,1,0,1,0,0,0,0,1
60,36.955,0,9.452672044169114,0,1,1,0,1,0,0,0
21,36.86,0,7.559204247922387,0,1,1,0,0,1,0,0
29,22.515,3,8.558446232222693,0,1,1,0,1,0,0,0
62,29.92,0,9.50740039368025,1,0,1,0,0,0,1,0
39,41.8,0,8.641748796915556,1,0,1,0,0,0,1,0
19,27.6,0,7.133620722584299,0,1,1,0,0,0,0,1
22,23.18,0,7.913123059543013,1,0,1,0,1,0,0,0
53,20.9,0,9.9616063550552,0,1,0,1,0,0,1,0
39,31.92,2,8.88329243877105,1,0,1,0,0,1,0,0
27,28.5,0,9.815297772411263,0,1,0,1,0,1,0,0
30,44.22,2,8.35870513877246,0,1,1,0,0,0,1,0
30,22.895,1,8.459675099958872,1,0,1,0,1,0,0,0
58,33.1,0,9.380010654484312,1,0,1,0,0,0,0,1
33,24.795,0,9.792864717911062,0,1,0,1,1,0,0,0
42,26.18,1,8.860459751402203,1,0,1,0,0,0,1,0
64,35.97,0,9.569052480485402,1,0,1,0,0,0,1,0
21,22.3,1,7.651633595948439,0,1,1,0,0,0,0,1
18,42.24,0,10.566012770099364,1,0,0,1,0,0,1,0
23,26.51,0,7.504873766669055,0,1,1,0,0,0,1,0
45,35.815,0,8.953233782182224,1,0,1,0,0,1,0,0
40,41.42,1,10.256877832517741,1,0,1,0,0,1,0,0
19,36.575,0,7.667571015232021,1,0,1,0,0,1,0,0
18,30.14,0,7.032188685154777,0,1,1,0,0,0,1,0
25,25.84,1,8.104942895899404,0,1,1,0,1,0,0,0
46,30.8,3,9.1501571527273,1,0,1,0,0,0,0,1
33,42.94,3,8.758097066335619,1,0,1,0,0,1,0,0
54,21.01,2,9.306987103651538,0,1,1,0,0,0,1,0
28,22.515,2,8.396129546691638,0,1,1,0,1,0,0,0
36,34.43,2,8.627894445905078,0,1,1,0,0,0,1,0
20,31.46,0,7.538457425530354,1,0,1,0,0,0,1,0
24,24.225,0,7.952882662911896,1,0,1,0,0,1,0,0
23,37.1,3,8.188299048374422,0,1,1,0,0,0,0,1
47,26.125,1,10.060589832816195,1,0,0,1,1,0,0,0
33,35.53,0,10.917565431995493,1,0,0,1,0,1,0,0
45,33.7,1,8.915555534504595,0,1,1,0,0,0,0,1
26,17.67,0,7.894299159859813,0,1,1,0,0,1,0,0
18,31.13,0,7.391959291335263,1,0,1,0,0,0,1,0
44,29.81,2,9.014350293095376,1,0,1,0,0,0,1,0
60,24.32,0,9.435450372561052,0,1,1,0,0,1,0,0
64,31.825,2,9.684714732519767,1,0,1,0,1,0,0,0
56,31.79,2,10.687728447454242,0,1,0,1,0,0,1,0
36,28.025,1,9.941487701392239,0,1,0,1,1,0,0,0
41,30.78,3,10.586544174211415,0,1,0,1,1,0,0,0
39,21.85,1,8.719071348512186,0,1,1,0,0,1,0,0
63,33.1,0,9.502618566060654,0,1,1,0,0,0,0,1
36,25.84,0,8.569285630402666,1,0,1,0,0,1,0,0
28,23.845,2,8.459720115134077,1,0,1,0,0,1,0,0
58,34.39,0,9.371177286179018,0,1,1,0,0,1,0,0
36,33.82,1,8.590156957787547,0,1,1,0,0,1,0,0
42,35.97,2,8.87645103878612,0,1,1,0,0,0,1,0
36,31.5,0,8.390094322820305,0,1,1,0,0,0,0,1
56,28.31,0,9.363809582513124,1,0,1,0,1,0,0,0
35,23.465,2,8.764567410591999,1,0,1,0,1,0,0,0
59,31.35,0,9.443290045726224,1,0,1,0,0,1,0,0
21,31.1,0,7.331264606548087,0,1,1,0,0,0,0,1
59,24.7,0,9.41937980619964,0,1,1,0,1,0,0,0
23,32.78,2,10.491885452818059,1,0,0,1,0,0,1,0
57,29.81,0,10.223210038444803,1,0,0,1,0,0,1,0
53,30.495,0,9.217619321032483,0,1,1,0,1,0,0,0
60,32.45,0,10.714638977617305,1,0,0,1,0,0,1,0
51,34.2,1,9.197630036812814,1,0,1,0,0,0,0,1
23,50.38,1,7.799366030186137,0,1,1,0,0,0,1,0
27,24.1,0,7.998041670024046,1,0,1,0,0,0,0,1
55,32.775,0,9.26885757474419,0,1,1,0,0,1,0,0
37,30.78,0,10.52597488011004,1,0,0,1,1,0,0,0
61,32.3,2,9.555391419431688,0,1,1,0,0,1,0,0
46,35.53,0,10.648103798659966,1,0,0,1,1,0,0,0
53,23.75,2,9.369962868358483,1,0,1,0,1,0,0,0
49,23.845,3,10.090295387169775,1,0,0,1,1,0,0,0
20,29.6,0,7.53708048162609,1,0,1,0,0,0,0,1
48,33.11,0,10.620721428009057,1,0,0,1,0,0,1,0
25,24.13,0,9.66896612422194,0,1,0,1,0,1,0,0
25,32.23,1,9.810229142861155,1,0,1,0,0,0,1,0
57,28.1,0,9.302595526302365,0,1,1,0,0,0,0,1
37,47.6,2,10.738882951688627,1,0,0,1,0,0,0,1
38,28.0,3,8.875160180305292,1,0,1,0,0,0,0,1
55,33.535,2,9.414968660824401,1,0,1,0,0,1,0,0
36,19.855,0,8.605029410629967,1,0,1,0,1,0,0,0
51,25.4,0,9.080626711102415,0,1,1,0,0,0,0,1
40,29.9,2,8.795031118876931,0,1,1,0,0,0,0,1
18,37.29,0,7.040926069097389,0,1,1,0,0,0,1,0
57,43.7,1,9.35678687930395,0,1,1,0,0,0,0,1
61,23.655,0,9.482700925875156,0,1,1,0,1,0,0,0
25,24.3,3,8.387688423901917,1,0,1,0,0,0,0,1
50,36.2,0,9.042964726526979,0,1,1,0,0,0,0,1
26,29.48,1,8.129577392354982,1,0,1,0,0,0,1,0
42,24.86,0,8.694148274413381,0,1,1,0,0,0,1,0
43,30.1,1,8.832007726869506,0,1,1,0,0,0,0,1
44,21.85,3,9.092922963220136,0,1,1,0,1,0,0,0
23,28.12,0,7.897710438944601,1,0,1,0,0,1,0,0
49,27.1,1,10.171274024844887,1,0,1,0,0,0,0,1
33,33.44,5,8.803091964734893,0,1,1,0,0,0,1,0
41,28.8,1,8.745640254218213,0,1,1,0,0,0,0,1
37,29.5,2,8.75035867498057,1,0,1,0,0,0,0,1
22,34.8,3,8.144407448417931,0,1,1,0,0,0,0,1
23,27.36,1,7.933817448080482,0,1,1,0,0,1,0,0
21,22.135,0,7.8581964495570285,1,0,1,0,1,0,0,0
51,37.05,3,10.741948896370085,1,0,0,1,1,0,0,0
25,26.695,4,8.492691675815673,0,1,1,0,0,1,0,0
32,28.93,1,9.889423855730854,0,1,0,1,0,0,1,0
57,28.975,0,10.21168660185508,0,1,0,1,1,0,0,0
36,30.02,0,8.570388078629561,1,0,1,0,0,1,0,0
22,39.5,0,7.42868785499889,0,1,1,0,0,0,0,1
57,33.63,1,9.388162881551331,0,1,1,0,0,1,0,0
64,26.885,0,10.286433774755595,1,0,0,1,0,1,0,0
36,29.04,4,8.888041126335473,1,0,1,0,0,0,1,0
54,24.035,0,9.251858122801876,0,1,1,0,1,0,0,0
47,38.94,2,10.696562725283071,0,1,0,1,0,0,1,0
62,32.11,0,9.514584894190435,0,1,1,0,1,0,0,0
61,44.0,0,9.477683222690734,1,0,1,0,0,0,0,1
43,20.045,2,9.893389465542558,1,0,0,1,1,0,0,0
19,25.555,1,7.706416965842741,0,1,1,0,0,1,0,0
18,40.26,0,7.399748725213217,1,0,1,0,0,0,1,0
19,22.515,0,7.658387499200677,1,0,1,0,0,1,0,0
49,22.515,0,9.069911975319696,0,1,1,0,1,0,0,0
60,40.92,0,10.792911765997985,0,1,0,1,0,0,1,0
26,27.265,3,8.447261239845863,0,1,1,0,1,0,0,0
49,36.85,0,9.002920613851863,0,1,1,0,0,0,1,0
60,35.1,0,9.445063737695028,1,0,1,0,0,0,0,1
26,29.355,2,8.426215730813414,1,0,1,0,1,0,0,0
27,32.585,3,8.486305056903936,0,1,1,0,1,0,0,0
44,32.34,1,8.940461622353139,1,0,1,0,0,0,1,0
63,39.8,3,9.627145537888827,0,1,1,0,0,0,0,1
32,24.6,0,9.769802205204044,1,0,0,1,0,0,0,1
22,28.31,1,7.878550446008332,0,1,1,0,0,1,0,0
18,31.73,0,10.42625222240897,0,1,0,1,1,0,0,0
59,26.695,3,9.573851529170897,1,0,1,0,0,1,0,0
44,27.5,1,8.939580049048153,1,0,1,0,0,0,0,1
33,24.605,2,8.567602605796917,0,1,1,0,0,1,0,0
24,33.99,0,7.813726588297159,1,0,1,0,0,0,1,0
43,26.885,0,9.98853259610036,1,0,0,1,0,1,0,0
45,22.895,0,10.465112022290205,0,1,0,1,1,0,0,0
61,28.2,0,9.476000813463187,1,0,1,0,0,0,0,1
35,34.21,1,8.565264411493002,1,0,1,0,0,0,1,0
62,25.0,0,9.506892142102412,1,0,1,0,0,0,0,1
62,33.2,0,9.507739084611257,1,0,1,0,0,0,0,1
38,31.0,1,8.610549099238053,0,1,1,0,0,0,0,1
34,35.815,0,8.37133721356882,0,1,1,0,0,1,0,0
43,23.2,0,8.740566316376402,0,1,1,0,0,0,0,1
50,32.11,2,10.139915784032588,0,1,1,0,1,0,0,0
19,23.4,2,7.977477231935162,1,0,1,0,0,0,0,1
57,20.1,1,9.395435246234394,1,0,1,0,0,0,0,1
62,39.16,0,9.50835421737433,1,0,1,0,0,0,1,0
41,34.21,1,8.746836358391405,0,1,1,0,0,0,1,0
26,46.53,1,7.982096971831603,0,1,1,0,0,0,1,0
39,32.5,1,8.738622955034874,1,0,1,0,0,0,0,1
46,25.8,5,9.220089692529124,0,1,1,0,0,0,0,1
45,35.3,0,8.90233885069898,1,0,1,0,0,0,0,1
32,37.18,2,8.449854422575477,0,1,1,0,0,0,1,0
59,27.5,0,9.412041917747716,1,0,1,0,0,0,0,1
44,29.735,2,10.376912286249853,0,1,1,0,1,0,0,0
39,24.225,5,9.10128367272898,1,0,1,0,0,1,0,0
18,26.18,2,7.742836909877148,0,1,1,0,0,0,1,0
53,29.48,0,9.15785101522271,0,1,1,0,0,0,1,0
18,23.21,0,7.023646659920704,0,1,1,0,0,0,1,0
50,46.09,1,9.164355604499006,1,0,1,0,0,0,1,0
18,40.185,0,7.704572664930076,1,0,1,0,1,0,0,0
19,22.61,0,7.3960106398794325,0,1,1,0,0,1,0,0
62,39.93,0,9.471463458808984,0,1,1,0,0,0,1,0
56,35.8,1,9.365216217378746,1,0,1,0,0,0,0,1
42,35.8,2,8.876418041579074,0,1,1,0,0,0,0,1
37,34.2,1,10.572554236249628,0,1,0,1,1,0,0,0
42,31.255,0,8.757748506345346,0,1,1,0,0,1,0,0
25,29.7,3,9.900205071083668,0,1,0,1,0,0,0,1
57,18.335,0,9.353216820108734,0,1,1,0,1,0,0,0
51,42.9,2,10.767724574664454,0,1,0,1,0,0,1,0
30,28.405,1,8.418076023218736,1,0,1,0,0,1,0,0
44,30.2,2,10.571305284018385,0,1,0,1,0,0,0,1
34,27.835,1,9.904019093743068,0,1,0,1,0,1,0,0
31,39.49,1,8.262748351362275,0,1,1,0,0,0,1,0
54,30.8,1,10.645437278141243,0,1,0,1,0,0,1,0
24,26.79,1,9.44231576907029,0,1,1,0,0,1,0,0
43,34.96,1,10.622186035443432,0,1,0,1,1,0,0,0
48,36.67,1,10.256603335519179,0,1,1,0,0,1,0,0
19,39.615,1,7.912462611722882,1,0,1,0,0,1,0,0
29,25.9,0,8.117993613813335,1,0,1,0,0,0,0,1
63,35.2,1,9.580224933478304,1,0,1,0,0,0,1,0
46,24.795,3,9.159212648091607,0,1,1,0,1,0,0,0
52,36.765,2,10.183695413907108,0,1,1,0,0,1,0,0
35,27.1,1,8.465340582746874,0,1,1,0,0,0,0,1
51,24.795,2,10.084490867914873,0,1,0,1,0,1,0,0
44,25.365,1,8.925191800831314,0,1,1,0,0,1,0,0
21,25.745,2,8.095863468153642,0,1,1,0,1,0,0,0
39,34.32,5,9.059264868942197,1,0,1,0,0,0,1,0
50,28.16,3,9.278339373738199,1,0,1,0,0,0,1,0
34,23.56,0,8.515867593199017,1,0,1,0,1,0,0,0
22,20.235,0,7.835507535913757,1,0,1,0,0,1,0,0
19,40.5,0,7.473261115048375,1,0,1,0,0,0,0,1
26,35.42,0,7.750882368067825,0,1,1,0,0,0,1,0
29,22.895,0,9.689041198840417,0,1,0,1,1,0,0,0
48,40.15,0,8.962540396479293,0,1,1,0,0,0,1,0
26,29.15,1,7.973812178456656,0,1,1,0,0,0,1,0
45,39.995,3,9.180465328885772,1,0,1,0,1,0,0,0
36,29.92,0,8.494955108002973,1,0,1,0,0,0,1,0
54,25.46,1,10.147143817406958,0,1,1,0,1,0,0,0
34,21.375,0,8.41213024259212,0,1,1,0,1,0,0,0
31,25.9,3,9.862714723473898,0,1,0,1,0,0,0,1
27,30.59,1,9.728980102333772,1,0,1,0,1,0,0,0
20,30.115,5,8.500262645143957,0,1,1,0,1,0,0,0
44,25.8,1,8.939270221013343,1,0,1,0,0,0,0,1
43,30.115,3,9.037301222033715,0,1,1,0,0,1,0,0
45,27.645,1,10.252071461906098,1,0,1,0,0,1,0,0
34,34.675,0,8.416228831821945,0,1,1,0,1,0,0,0
24,20.52,0,9.586918287196077,1,0,0,1,1,0,0,0
26,19.8,1,8.125604360903619,1,0,1,0,0,0,0,1
38,27.835,2,8.874288817855676,1,0,1,0,1,0,0,0
50,31.6,2,9.222212024225575,1,0,1,0,0,0,0,1
38,28.27,1,8.60985756506942,0,1,1,0,0,0,1,0
27,20.045,3,9.706346398961784,1,0,0,1,0,1,0,0
39,23.275,3,8.98563000008944,1,0,1,0,1,0,0,0
39,34.1,3,8.911869913601162,1,0,1,0,0,0,0,1
63,36.85,0,9.538850170931791,1,0,1,0,0,0,1,0
33,36.29,3,8.787640103107082,1,0,1,0,1,0,0,0
36,26.885,0,8.569561356423334,1,0,1,0,0,1,0,0
30,22.99,2,9.762083313079065,0,1,0,1,0,1,0,0
24,32.7,0,10.447956083532208,0,1,0,1,0,0,0,1
24,25.8,0,7.587791890391987,0,1,1,0,0,0,0,1
48,29.6,0,9.963320437953175,0,1,1,0,0,0,0,1
47,19.19,1,9.062830719960754,0,1,1,0,1,0,0,0
29,31.73,2,8.397144824333031,0,1,1,0,0,1,0,0
28,29.26,2,8.398243740762293,0,1,1,0,1,0,0,0
47,28.215,3,10.123274310117061,0,1,0,1,0,1,0,0
25,24.985,2,10.053736682492046,0,1,1,0,1,0,0,0
51,27.74,1,9.206203988926985,0,1,1,0,1,0,0,0
48,22.8,0,9.020395108438892,1,0,1,0,0,0,0,1
43,20.13,2,9.83994787638677,0,1,0,1,0,0,1,0
61,33.33,4,10.507291972178049,1,0,1,0,0,0,1,0
48,32.3,1,9.07866428577725,0,1,1,0,0,1,0,0
38,27.6,0,8.59128642060414,1,0,1,0,0,0,0,1
59,25.46,0,9.403106559879047,0,1,1,0,0,1,0,0
19,24.605,1,7.904793928272514,1,0,1,0,0,1,0,0
26,34.2,2,8.291277300718042,1,0,1,0,0,0,0,1
54,35.815,3,9.433187147256742,1,0,1,0,0,1,0,0
21,32.68,2,10.166618850450545,1,0,1,0,0,1,0,0
51,37.0,0,9.082460749396734,0,1,1,0,0,0,0,1
22,31.02,3,10.48000512011693,1,0,0,1,0,0,1,0
47,36.08,1,10.650463093736157,0,1,0,1,0,0,1,0
18,23.32,1,7.445433210784769,0,1,1,0,0,0,1,0
47,45.32,1,9.056123566629347,1,0,1,0,0,0,1,0
21,34.6,0,7.611435293974421,1,0,1,0,0,0,0,1
19,26.03,1,9.708195928892195,0,1,0,1,0,1,0,0
23,18.715,0,9.98028109307074,0,1,1,0,0,1,0,0
54,31.6,0,9.195372104310042,0,1,1,0,0,0,0,1
37,17.29,2,8.836225678659495,1,0,1,0,1,0,0,0
46,23.655,1,9.984066275758428,1,0,0,1,0,1,0,0
55,35.2,0,10.701553218572952,1,0,0,1,0,0,1,0
30,27.93,0,8.328094167389542,1,0,1,0,1,0,0,0
18,21.565,0,9.528712088822548,0,1,0,1,1,0,0,0
61,38.38,0,9.468933781853444,0,1,1,0,0,1,0,0
54,23.0,3,9.400586942726216,1,0,1,0,0,0,0,1
22,37.07,2,10.531708117993114,0,1,0,1,0,0,1,0
45,30.495,1,10.589774204645833,1,0,0,1,0,1,0,0
22,28.88,0,7.719500807185746,0,1,1,0,1,0,0,0
19,27.265,2,10.021033210687367,0,1,1,0,0,1,0,0
35,28.025,0,9.91521129758413,1,0,0,1,0,1,0,0
18,23.085,0,7.441730950587258,0,1,1,0,1,0,0,0
20,30.685,0,10.418608452879937,0,1,0,1,1,0,0,0
28,25.8,0,8.059103587475445,1,0,1,0,0,0,0,1
55,35.245,1,9.340935694186275,0,1,1,0,1,0,0,0
43,24.7,2,9.993411434063773,1,0,0,1,0,1,0,0
43,25.08,0,8.899191522623696,1,0,1,0,1,0,0,0
22,52.58,1,10.703298358837035,0,1,0,1,0,0,1,0
25,22.515,1,8.187346793365261,1,0,1,0,0,1,0,0
49,30.9,0,10.589826962723162,0,1,0,1,0,0,0,1
44,36.955,1,8.990209210107471,1,0,1,0,0,1,0,0
64,26.41,0,9.57467495880794,0,1,1,0,1,0,0,0
49,29.83,1,9.136589057750921,0,1,1,0,1,0,0,0
47,29.8,3,10.138974173779241,0,1,0,1,0,0,0,1
27,21.47,0,8.118049153185241,1,0,1,0,0,1,0,0
55,27.645,0,9.26818480794913,0,1,1,0,0,1,0,0
48,28.9,0,9.021419849824897,1,0,1,0,0,0,0,1
45,31.79,0,9.794247486143716,1,0,1,0,0,0,1,0
24,39.49,0,7.816811545100573,1,0,1,0,0,0,1,0
32,33.82,1,8.403738181330596,0,1,1,0,0,1,0,0
24,32.01,0,7.592155264131117,0,1,1,0,0,0,1,0
57,27.94,1,9.354892873451588,0,1,1,0,0,0,1,0
59,41.14,1,10.798988621194379,0,1,0,1,0,0,1,0
36,28.595,3,8.787097427947547,0,1,1,0,0,1,0,0
29,25.6,4,8.64995100990943,1,0,1,0,0,0,0,1
42,25.3,1,8.86028617671713,1,0,1,0,0,0,0,1
48,37.29,2,9.10266441107612,0,1,1,0,0,0,1,0
39,42.655,0,8.658417273040294,0,1,1,0,1,0,0,0
63,21.66,1,9.571564759485014,0,1,1,0,0,1,0,0
54,31.9,1,9.299252765887596,1,0,1,0,0,0,1,0
37,37.07,1,10.593447266015998,0,1,0,1,0,0,1,0
63,31.445,0,9.54505789498754,0,1,1,0,1,0,0,0
21,31.255,0,7.555134634750237,0,1,1,0,0,1,0,0
54,28.88,2,9.400766597039462,1,0,1,0,1,0,0,0
60,18.335,0,9.488372456454856,1,0,1,0,1,0,0,0
32,29.59,1,8.42592011353861,1,0,1,0,0,0,1,0
47,32.0,1,9.053961027185748,1,0,1,0,0,0,0,1
21,26.03,0,7.651246035589906,0,1,1,0,1,0,0,0
28,31.68,0,10.453720810446121,0,1,0,1,0,0,1,0
63,33.66,3,9.626582822004885,0,1,1,0,0,0,1,0
18,21.78,2,9.3830364672912,0,1,1,0,0,0,1,0
32,27.835,1,8.401872717414454,0,1,1,0,0,1,0,0
38,19.95,1,8.675376159203742,0,1,1,0,0,1,0,0
32,31.5,1,8.313238598749956,0,1,1,0,0,0,0,1
62,30.495,2,9.617188526567821,1,0,1,0,0,1,0,0
39,18.3,5,9.853470285784185,1,0,0,1,0,0,0,1
55,28.975,0,9.287056035787534,0,1,1,0,1,0,0,0
57,31.54,0,9.337345429328595,0,1,1,0,0,1,0,0
52,47.74,1,9.185013394719086,0,1,1,0,0,0,1,0
56,22.1,0,9.266539876209233,0,1,1,0,0,0,0,1
47,36.19,0,10.63770664278493,0,1,0,1,0,0,1,0
55,29.83,0,9.331454626290792,1,0,1,0,1,0,0,0
23,32.7,3,8.186598050783891,0,1,1,0,0,0,0,1
22,30.4,0,10.431422414975549,1,0,0,1,0,1,0,0
50,33.7,4,9.33258835822206,1,0,1,0,0,0,0,1
18,31.35,4,8.42555772158737,1,0,1,0,1,0,0,0
51,34.96,2,10.706434820754081,1,0,0,1,1,0,0,0
22,33.77,0,7.423945865564098,0,1,1,0,0,0,1,0
52,30.875,0,10.045272063791343,1,0,1,0,1,0,0,0
25,33.99,1,8.079655544175619,1,0,1,0,0,0,1,0
33,19.095,2,9.72778230263175,1,0,0,1,1,0,0,0
53,28.6,3,9.3285163082148,0,1,1,0,0,0,0,1
29,38.94,1,8.15260404117228,0,1,1,0,0,0,1,0
58,36.08,0,9.338230663466096,0,1,1,0,0,0,1,0
37,29.8,0,9.924348670903514,0,1,1,0,0,0,0,1
54,31.24,0,9.2437685329535,1,0,1,0,0,0,1,0
49,29.925,0,9.103774546891367,1,0,1,0,0,1,0,0
50,26.22,2,9.258649067877416,1,0,1,0,0,1,0,0
26,30.0,1,7.974218961426168,0,1,1,0,0,0,0,1
45,20.35,3,9.06025691809384,0,1,1,0,0,0,1,0
54,32.3,1,9.351267287680239,1,0,1,0,1,0,0,0
38,38.39,3,10.644239530710365,0,1,0,1,0,0,1,0
48,25.85,3,10.093361083751088,1,0,0,1,0,0,1,0
28,26.315,3,8.577943894695835,1,0,1,0,0,1,0,0
23,24.51,0,7.782013241977835,0,1,1,0,1,0,0,0
55,32.67,1,9.288086873076372,0,1,1,0,0,0,1,0
41,29.64,5,9.129499294023224,0,1,1,0,1,0,0,0
25,33.33,2,10.49475630625749,0,1,0,1,0,0,1,0
33,35.75,1,10.552780790090964,0,1,0,1,0,0,1,0
30,19.95,3,8.64724387088095,1,0,1,0,0,1,0,0
23,31.4,0,10.439023535076489,1,0,0,1,0,0,0,1
46,38.17,2,9.02979694936422,0,1,1,0,0,0,1,0
53,36.86,3,10.75069488882615,1,0,0,1,0,1,0,0
27,32.395,1,9.847154813556386,1,0,1,0,1,0,0,0
23,42.75,1,10.619012461090287,1,0,0,1,1,0,0,0
63,25.08,0,9.564905666167938,1,0,1,0,0,1,0,0
55,29.9,0,9.231674766693887,0,1,1,0,0,0,0,1
35,35.86,2,8.672061396617728,1,0,1,0,0,0,1,0
34,32.8,1,9.572157577694963,0,1,1,0,0,0,0,1
19,18.6,0,7.455817148147139,1,0,1,0,0,0,0,1
39,23.87,5,9.057574001883255,1,0,1,0,0,0,1,0
27,45.9,2,8.214581017610055,0,1,1,0,0,0,0,1
57,40.28,0,9.938372936523383,0,1,1,0,1,0,0,0
52,18.335,0,9.209543819812726,1,0,1,0,0,1,0,0
28,33.82,0,9.887070310580961,0,1,1,0,0,1,0,0
50,28.12,3,9.313491260204394,1,0,1,0,0,1,0,0
44,25.0,1,8.939124386362826,1,0,1,0,0,0,0,1
26,22.23,0,8.063783187298833,1,0,1,0,0,1,0,0
33,30.25,0,8.217534214664475,0,1,1,0,0,0,1,0
19,32.49,0,10.515959596398119,1,0,0,1,0,1,0,0
50,37.07,1,9.110412550254528,0,1,1,0,0,0,1,0
41,32.6,3,8.98162092923206,1,0,1,0,0,0,0,1
52,24.86,0,10.207989638858642,1,0,1,0,0,0,1,0
39,32.34,2,8.75448823238437,0,1,1,0,0,0,1,0
50,32.3,2,9.172783561768304,0,1,1,0,0,0,0,1
52,32.775,3,9.331682333801938,0,1,1,0,0,1,0,0
60,32.8,0,10.870316051869228,0,1,0,1,0,0,0,1
20,31.92,0,7.724256083951521,1,0,1,0,0,1,0,0
55,21.5,1,9.28664934871267,0,1,1,0,0,0,0,1
42,34.1,0,8.696298080276556,0,1,1,0,0,0,0,1
18,30.305,0,7.698363030143382,1,0,1,0,1,0,0,0
58,36.48,0,9.412206287423725,1,0,1,0,0,1,0,0
43,32.56,3,10.619918680813065,1,0,0,1,0,0,1,0
35,35.815,1,8.636123630775376,1,0,1,0,0,1,0,0
48,27.93,4,9.30711989903365,1,0,1,0,0,1,0,0
36,22.135,3,8.885885823790657,1,0,1,0,1,0,0,0
19,44.88,0,10.589704428918155,0,1,0,1,0,0,1,0
23,23.18,2,9.576861848807004,1,0,1,0,0,1,0,0
20,30.59,0,7.808209309668457,1,0,1,0,1,0,0,0
32,41.1,0,8.291757264615926,1,0,1,0,0,0,0,1
43,34.58,1,8.952638139330782,1,0,1,0,0,1,0,0
34,42.13,2,8.541922622840982,0,1,1,0,0,0,1,0
30,38.83,1,9.850306789578891,0,1,1,0,0,0,1,0
18,28.215,0,7.697044497801658,1,0,1,0,1,0,0,0
41,28.31,1,8.875504342038449,1,0,1,0,0,1,0,0
35,26.125,0,8.561973182722822,1,0,1,0,1,0,0,0
57,40.37,0,9.30414954401359,0,1,1,0,0,0,1,0
29,24.6,2,8.418582510946878,1,0,1,0,0,0,0,1
32,35.2,2,8.44926546674467,0,1,1,0,0,0,0,1
37,34.105,1,8.71823066597035,1,0,1,0,0,1,0,0
18,27.36,1,9.751482708755027,0,1,0,1,1,0,0,0
43,26.7,2,10.020363510255013,1,0,0,1,0,0,0,1
56,41.91,0,9.31421584650607,1,0,1,0,0,0,1,0
38,29.26,2,8.773205540499351,0,1,1,0,0,1,0,0
29,32.11,2,8.397263931767942,0,1,1,0,0,1,0,0
22,27.1,0,7.675713505909767,1,0,1,0,0,0,0,1
52,24.13,1,10.081159261356662,1,0,0,1,0,1,0,0
40,27.4,1,8.779232172215501,1,0,1,0,0,0,0,1
23,34.865,0,7.97263474311865,1,0,1,0,1,0,0,0
31,29.81,0,9.870518440141723,0,1,0,1,0,0,1,0
42,41.325,1,8.942692762689667,1,0,1,0,1,0,0,0
24,29.925,0,7.955664888288984,1,0,1,0,0,1,0,0
25,30.3,0,7.876255845092843,1,0,1,0,0,0,0,1
48,27.36,1,9.15359883123257,1,0,1,0,1,0,0,0
23,28.49,1,9.816252774230646,1,0,0,1,0,0,1,0
45,23.56,2,9.060078185483269,0,1,1,0,1,0,0,0
20,35.625,3,10.531198308964234,0,1,0,1,0,1,0,0
62,32.68,0,9.535737014301295,1,0,1,0,0,1,0,0
43,25.27,1,9.988395741458794,1,0,0,1,1,0,0,0
23,28.0,0,9.482478062845907,1,0,1,0,0,0,0,1
31,32.775,2,8.580806331395706,1,0,1,0,0,1,0,0
41,21.755,1,9.527081498515228,1,0,1,0,1,0,0,0
58,32.395,1,9.474254285117704,1,0,1,0,1,0,0,0
48,36.575,0,9.06787677717241,1,0,1,0,0,1,0,0
31,21.755,0,8.32726254679951,1,0,1,0,0,1,0,0
19,27.93,3,9.843721818707284,1,0,1,0,0,1,0,0
19,30.02,0,10.413569423786774,1,0,0,1,0,1,0,0
41,33.55,0,8.648368372854073,0,1,1,0,0,0,1,0
40,29.355,1,8.763209702707952,0,1,1,0,0,1,0,0
31,25.8,2,8.504250798807329,1,0,1,0,0,0,0,1
37,24.32,2,8.732264537973807,0,1,1,0,0,1,0,0
46,40.375,2,9.07500498169737,0,1,1,0,0,1,0,0
22,32.11,0,7.6286756393822035,0,1,1,0,0,1,0,0
51,32.3,1,9.206840253702527,0,1,1,0,1,0,0,0
18,27.28,3,9.810519443940615,1,0,0,1,0,0,1,0
35,17.86,1,8.540421395698607,0,1,1,0,0,1,0,0
59,34.8,2,10.516281361317274,1,0,1,0,0,0,0,1
36,33.4,2,10.556241656993828,0,1,0,1,0,0,0,1
37,25.555,1,9.918270910722365,1,0,0,1,1,0,0,0
59,37.1,1,9.421263314906314,0,1,1,0,0,0,0,1
36,30.875,1,8.589395566930575,0,1,1,0,0,1,0,0
39,34.1,2,10.06747608928198,0,1,1,0,0,0,1,0
18,21.47,0,7.440413996662819,0,1,1,0,1,0,0,0
52,33.3,2,9.288026983156026,1,0,1,0,0,0,0,1
27,31.255,1,8.283259497830947,1,0,1,0,0,1,0,0
18,39.14,0,9.46428914454543,0,1,1,0,1,0,0,0
40,25.08,0,8.597234889858495,0,1,1,0,0,0,1,0
29,37.29,2,8.308720519534049,0,1,1,0,0,0,1,0
46,34.6,1,10.637359170857822,1,0,0,1,0,0,0,1
38,30.21,3,8.927733916758651,1,0,1,0,0,1,0,0
30,21.945,1,8.459395324934727,1,0,1,0,1,0,0,0
40,24.97,2,8.79399250588976,0,1,1,0,0,0,1,0
50,25.3,0,9.04117197190446,0,1,1,0,0,0,1,0
20,24.42,0,10.170712093241116,1,0,0,1,0,0,1,0
41,23.94,1,8.833386857784102,0,1,1,0,1,0,0,0
33,39.82,1,8.475674454227171,1,0,1,0,0,0,1,0
38,16.815,2,8.801099873542304,0,1,1,0,1,0,0,0
42,37.18,2,8.876685869809986,0,1,1,0,0,0,1,0
56,34.43,0,9.268158772976685,0,1,1,0,0,0,1,0
58,30.305,0,9.387587069259492,0,1,1,0,1,0,0,0
52,34.485,3,11.002473087705761,0,1,0,1,0,1,0,0
20,21.8,0,9.911869130271992,1,0,0,1,0,0,0,1
54,24.605,3,9.431939447200994,1,0,1,0,0,1,0,0
58,23.3,0,9.336666279833459,0,1,1,0,0,0,0,1
45,27.83,2,9.049791113167585,1,0,1,0,0,0,1,0
26,31.065,0,7.901217529840404,0,1,1,0,0,1,0,0
63,21.66,0,9.578508819820266,1,0,1,0,1,0,0,0
58,28.215,0,9.411267013317756,1,0,1,0,0,1,0,0
37,22.705,3,8.851735989295646,0,1,1,0,1,0,0,0
25,42.13,1,8.083154426950934,1,0,1,0,0,0,1,0
52,41.8,2,10.763649190050996,0,1,0,1,0,0,1,0
64,36.96,2,10.81131582660484,0,1,0,1,0,0,1,0
22,21.28,3,8.36573549558373,1,0,1,0,0,1,0,0
28,33.11,0,8.062311416426795,1,0,1,0,0,0,1,0
18,33.33,0,7.036096337597112,0,1,1,0,0,0,1,0
28,24.3,5,8.633440648675364,0,1,1,0,0,0,0,1
45,25.7,3,9.116337117772424,1,0,1,0,0,0,0,1
33,29.4,4,8.709493626510664,0,1,1,0,0,0,0,1
18,39.82,0,7.39937471914404,1,0,1,0,0,0,1,0
32,33.63,1,10.534986104194548,0,1,0,1,1,0,0,0
24,29.83,0,9.833570416548307,0,1,0,1,1,0,0,0
19,19.8,0,7.12493307048576,0,1,1,0,0,0,0,1
20,27.3,0,9.694853662612424,0,1,0,1,0,0,0,1
40,29.3,4,9.669650891282904,1,0,1,0,0,0,0,1
34,27.72,0,8.393025547455307,1,0,1,0,0,0,1,0
42,37.9,0,8.77570589428773,1,0,1,0,0,0,0,1
51,36.385,3,9.34467353122493,1,0,1,0,0,1,0,0
54,27.645,1,9.333171493468859,1,0,1,0,0,1,0,0
55,37.715,3,10.311103031937797,0,1,1,0,0,1,0,0
52,23.18,0,9.230022619477985,1,0,1,0,1,0,0,0
32,20.52,0,8.421834666443305,1,0,1,0,1,0,0,0
28,37.1,1,8.095037873411874,0,1,1,0,0,0,0,1
41,28.05,1,8.820432495150932,1,0,1,0,0,0,1,0
43,29.9,1,8.900923534852383,1,0,1,0,0,0,0,1
49,33.345,2,9.246856715269367,1,0,1,0,1,0,0,0
64,23.76,0,10.200903882994071,0,1,0,1,0,0,1,0
55,30.5,0,9.278510104777421,1,0,1,0,0,0,0,1
24,31.065,0,10.441589375872658,0,1,0,1,1,0,0,0
20,33.3,0,7.5398177006288085,1,0,1,0,0,0,0,1
45,27.5,3,9.061411037171563,0,1,1,0,0,0,0,1
26,33.915,1,8.099715171346189,0,1,1,0,0,1,0,0
25,34.485,0,8.013941860136823,1,0,1,0,0,1,0,0
43,25.52,5,9.580477404510548,0,1,1,0,0,0,1,0
35,27.61,1,8.465489897200769,0,1,1,0,0,0,1,0
26,27.06,0,9.743573544928465,0,1,0,1,0,0,1,0
57,23.7,0,9.302037669537777,0,1,1,0,0,0,0,1
22,30.4,0,7.916788533411939,1,0,1,0,1,0,0,0
32,29.735,0,8.379778531516818,1,0,1,0,0,1,0,0
39,29.925,1,10.019626737810515,0,1,0,1,1,0,0,0
25,26.79,2,8.34048300539198,1,0,1,0,0,1,0,0
48,33.33,0,9.022163389588727,1,0,1,0,0,0,1,0
47,27.645,2,10.107925175799638,1,0,0,1,0,1,0,0
18,21.66,0,9.56692747005658,1,0,0,1,1,0,0,0
18,30.03,1,7.450866295141672,0,1,1,0,0,0,1,0
61,36.3,1,10.766480455970308,0,1,0,1,0,0,0,1
47,24.32,0,9.052009343320199,1,0,1,0,1,0,0,0
28,17.29,0,8.225134917347098,1,0,1,0,1,0,0,0
36,25.9,1,8.607664226879937,1,0,1,0,0,0,0,1
20,39.4,2,10.554394180815018,0,1,0,1,0,0,0,1
44,34.32,1,8.874654018467925,0,1,1,0,0,0,1,0
38,19.95,2,8.872753864786034,1,0,1,0,1,0,0,0
19,34.9,0,10.458224429345732,0,1,0,1,0,0,0,1
21,23.21,0,7.3240580469229215,0,1,1,0,0,0,1,0
46,25.745,3,9.138080765157676,0,1,1,0,0,1,0,0
58,25.175,0,9.38698964256245,0,1,1,0,1,0,0,0
20,22.0,1,7.583644392105802,0,1,1,0,0,0,0,1
18,26.125,0,7.444205227501353,0,1,1,0,1,0,0,0
28,26.51,2,8.37596157660141,1,0,1,0,0,0,1,0
33,27.455,2,8.568355672748133,0,1,1,0,0,1,0,0
19,25.745,1,7.9053784280353305,1,0,1,0,0,1,0,0
45,30.36,0,11.04442267833656,0,1,0,1,0,0,1,0
62,30.875,3,10.751909707453025,0,1,0,1,0,1,0,0
25,20.8,1,8.073959858782276,1,0,1,0,0,0,0,1
43,27.8,0,10.540876860980715,0,1,0,1,0,0,0,1
42,24.605,2,9.964600429254384,0,1,0,1,1,0,0,0
24,27.72,0,7.810198089455666,1,0,1,0,0,0,1,0
29,21.85,0,9.687586740399311,1,0,0,1,1,0,0,0
32,28.12,4,9.974573908487832,0,1,0,1,0,1,0,0
25,30.2,0,10.431219053241707,1,0,0,1,0,0,0,1
41,32.2,2,8.83593211822625,0,1,1,0,0,0,0,1
42,26.315,1,8.845332210166278,0,1,1,0,0,1,0,0
33,26.695,0,8.42779636422856,1,0,1,0,0,1,0,0
34,42.9,1,8.420078364214906,0,1,1,0,0,0,0,1
19,34.7,2,10.50228493198047,1,0,0,1,0,0,0,1
30,23.655,3,9.839848650619812,1,0,0,1,0,1,0,0
18,28.31,1,9.330195161401242,0,1,1,0,1,0,0,0
19,20.6,0,7.457422890347786,1,0,1,0,0,0,0,1
18,53.13,0,7.060015057896839,0,1,1,0,0,0,1,0
35,39.71,4,9.878052772069799,0,1,1,0,1,0,0,0
39,26.315,2,8.882211352720514,1,0,1,0,0,1,0,0
31,31.065,3,8.598961796563838,0,1,1,0,0,1,0,0
62,26.695,0,10.243607878565705,0,1,0,1,1,0,0,0
62,38.83,0,9.471345690417726,0,1,1,0,0,0,1,0
42,40.37,2,10.689609831901388,1,0,0,1,0,0,1,0
31,25.935,1,8.352529056727912,0,1,1,0,0,1,0,0
61,33.535,0,9.483746271835855,0,1,1,0,1,0,0,0
42,32.87,0,8.860927750562585,1,0,1,0,1,0,0,0
51,30.03,1,9.146218265459341,0,1,1,0,0,0,1,0
23,24.225,2,10.016670880850745,1,0,1,0,1,0,0,0
52,38.6,2,9.242440214882285,0,1,1,0,0,0,0,1
57,25.74,2,9.443843326897534,1,0,1,0,0,0,1,0
23,33.4,0,9.287017792340187,1,0,1,0,0,0,0,1
52,44.7,3,9.342480735067566,1,0,1,0,0,0,0,1
50,30.97,3,9.268755335471289,0,1,1,0,0,1,0,0
18,31.92,0,7.699380706626688,1,0,1,0,1,0,0,0
18,36.85,0,7.396846512799357,1,0,1,0,0,0,1,0
21,25.8,0,7.605364987635802,1,0,1,0,0,0,0,1
61,29.07,0,10.2799480750963,1,0,0,1,0,1,0,0
